Time,TargetLocked,VisionDriveActive,Distance,DistanceError,AngleError,AngleError_DB,Speed,Omega
0.000636,1,0,9.505674,0.494326,-27.399551,-27.399551,0.000000,0.000000
0.020628,1,0,9.494779,0.505221,-27.415367,-27.415367,0.000000,0.000000
0.040533,1,0,9.505674,0.494326,-27.399551,-27.399551,0.000000,0.000000
0.060555,1,0,9.494779,0.505221,-27.415367,-27.415367,0.000000,0.000000
0.080463,1,0,9.505674,0.494326,-27.399551,-27.399551,0.000000,0.000000
0.100556,1,0,9.494779,0.505221,-27.415367,-27.415367,0.000000,0.000000
0.120537,1,0,9.494779,0.505221,-27.415367,-27.415367,0.000000,0.000000
0.140440,1,0,9.505674,0.494326,-27.399551,-27.399551,0.000000,0.000000
0.161374,1,0,9.494779,0.505221,-27.415367,-27.415367,0.000000,0.000000
0.180322,1,0,9.494779,0.505221,-27.415367,-27.415367,0.000000,0.000000
0.200539,1,0,9.505674,0.494326,-27.399551,-27.399551,0.000000,0.000000
0.220508,1,0,9.494779,0.505221,-27.415367,-27.415367,0.000000,0.000000
0.240403,1,0,9.494779,0.505221,-27.415367,-27.415367,0.000000,0.000000
0.260416,1,0,9.505674,0.494326,-27.399551,-27.399551,0.000000,0.000000
0.280425,1,0,9.505674,0.494326,-27.399551,-27.399551,0.000000,0.000000
0.300528,1,0,9.494779,0.505221,-27.415367,-27.415367,0.000000,0.000000
0.320414,1,0,9.494779,0.505221,-27.415367,-27.415367,0.000000,0.000000
0.340581,1,0,9.494779,0.505221,-27.415367,-27.415367,0.000000,0.000000
0.360458,1,0,9.494779,0.505221,-27.415367,-27.415367,0.000000,0.000000
0.380425,1,0,9.494779,0.505221,-27.415367,-27.415367,0.000000,0.000000
0.400412,1,0,9.494779,0.505221,-27.415367,-27.415367,0.000000,0.000000
0.420455,1,0,9.499619,0.500381,-27.408760,-27.408760,0.000000,0.000000
0.440458,1,0,9.494779,0.505221,-27.415367,-27.415367,0.000000,0.000000
0.460436,1,0,9.494779,0.505221,-27.415367,-27.415367,0.000000,0.000000
0.480339,1,0,9.494779,0.505221,-27.415367,-27.415367,0.000000,0.000000
0.500602,1,0,9.494779,0.505221,-27.415367,-27.415367,0.000000,0.000000
0.520481,1,0,9.494779,0.505221,-27.415367,-27.415367,0.000000,0.000000
0.540283,1,0,9.494779,0.505221,-27.415367,-27.415367,0.000000,0.000000
0.560557,1,0,9.494779,0.505221,-27.415367,-27.415367,0.000000,0.000000
0.580388,1,0,9.494779,0.505221,-27.415367,-27.415367,0.000000,0.000000
0.600792,1,0,9.494779,0.505221,-27.415367,-27.415367,0.000000,0.000000
0.620337,1,0,9.494779,0.505221,-27.415367,-27.415367,0.000000,0.000000
0.640464,1,0,9.505674,0.494326,-27.399551,-27.399551,0.000000,0.000000
0.660387,1,0,9.494779,0.505221,-27.415367,-27.415367,0.000000,0.000000
0.680459,1,0,9.505674,0.494326,-27.399551,-27.399551,0.000000,0.000000
0.700724,1,0,9.494779,0.505221,-27.415367,-27.415367,0.000000,0.000000
0.720800,1,0,9.505674,0.494326,-27.399551,-27.399551,0.000000,0.000000
0.740495,1,0,9.494779,0.505221,-27.415367,-27.415367,0.000000,0.000000
0.760409,1,0,9.494779,0.505221,-27.415367,-27.415367,0.000000,0.000000
0.780382,1,0,9.505674,0.494326,-27.399551,-27.399551,0.000000,0.000000
0.800353,1,0,9.494779,0.505221,-27.415367,-27.415367,0.000000,0.000000
0.821193,1,0,9.494779,0.505221,-27.415367,-27.415367,0.000000,0.000000
0.840404,1,0,9.494779,0.505221,-27.415367,-27.415367,0.000000,0.000000
0.860399,1,0,9.494779,0.505221,-27.415367,-27.415367,0.000000,0.000000
0.880306,1,0,9.494779,0.505221,-27.415367,-27.415367,0.000000,0.000000
0.900816,1,0,9.505674,0.494326,-27.399551,-27.399551,0.000000,0.000000
0.920604,1,0,9.494779,0.505221,-27.415367,-27.415367,0.000000,0.000000
0.940464,1,0,9.505674,0.494326,-27.399551,-27.399551,0.000000,0.000000
0.960516,1,0,9.494779,0.505221,-27.415367,-27.415367,0.000000,0.000000
0.980686,1,0,9.505674,0.494326,-27.415367,-27.415367,0.000000,0.000000
1.001226,1,0,9.505674,0.494326,-27.399551,-27.399551,0.000000,0.000000
1.020449,1,0,9.505674,0.494326,-27.399551,-27.399551,0.000000,0.000000
1.040577,1,0,9.505674,0.494326,-27.399551,-27.399551,0.000000,0.000000
1.060484,1,0,9.494779,0.505221,-27.415367,-27.415367,0.000000,0.000000
1.080960,1,0,9.494779,0.505221,-27.415367,-27.415367,0.000000,0.000000
1.100649,1,0,9.494779,0.505221,-27.415367,-27.415367,0.000000,0.000000
1.120447,1,0,9.494779,0.505221,-27.415367,-27.415367,0.000000,0.000000
1.140361,1,0,9.494779,0.505221,-27.415367,-27.415367,0.000000,0.000000
1.160409,1,0,9.494779,0.505221,-27.415367,-27.415367,0.000000,0.000000
1.180475,1,0,9.494779,0.505221,-27.415367,-27.415367,0.000000,0.000000
1.200637,1,0,9.505674,0.494326,-27.399551,-27.399551,0.000000,0.000000
1.220533,1,0,9.505674,0.494326,-27.399551,-27.399551,0.000000,0.000000
1.240486,1,0,9.494779,0.505221,-27.415367,-27.415367,0.000000,0.000000
1.260271,1,0,9.494779,0.505221,-27.415367,-27.415367,0.000000,0.000000
1.280544,1,0,9.494779,0.505221,-27.415367,-27.415367,0.000000,0.000000
1.300360,1,0,9.505674,0.494326,-27.399551,-27.399551,0.000000,0.000000
1.320455,1,0,9.505674,0.494326,-27.399551,-27.399551,0.000000,0.000000
1.340373,1,0,9.494779,0.505221,-27.415367,-27.415367,0.000000,0.000000
1.360412,1,0,9.494779,0.505221,-27.415367,-27.415367,0.000000,0.000000
1.380326,1,0,9.494779,0.505221,-27.415367,-27.415367,0.000000,0.000000
1.400402,1,0,9.494779,0.505221,-27.415367,-27.415367,0.000000,0.000000
1.420468,1,0,9.494779,0.505221,-27.415367,-27.415367,0.000000,0.000000
1.440407,1,0,9.494779,0.505221,-27.415367,-27.415367,0.000000,0.000000
1.460405,1,0,9.494779,0.505221,-27.415367,-27.415367,0.000000,0.000000
1.480348,1,0,9.494779,0.505221,-27.415367,-27.415367,0.000000,0.000000
1.500421,1,0,9.489935,0.510065,-27.422012,-27.422012,0.000000,0.000000
1.520322,1,0,9.494779,0.505221,-27.415367,-27.415367,0.000000,0.000000
1.540323,1,0,9.494779,0.505221,-27.415367,-27.415367,0.000000,0.000000
1.560363,1,0,9.494779,0.505221,-27.415367,-27.415367,0.000000,0.000000
1.580552,1,0,9.494779,0.505221,-27.415367,-27.415367,0.000000,0.000000
1.600516,1,0,9.494779,0.505221,-27.415367,-27.415367,0.000000,0.000000
1.620490,1,0,9.489935,0.510065,-27.422012,-27.422012,0.000000,0.000000
1.640674,1,0,9.494779,0.505221,-27.415367,-27.415367,0.000000,0.000000
1.660304,1,0,9.494779,0.505221,-27.415367,-27.415367,0.000000,0.000000
1.680409,1,0,9.494779,0.505221,-27.415367,-27.415367,0.000000,0.000000
1.700486,1,0,9.494779,0.505221,-27.415367,-27.415367,0.000000,0.000000
1.720573,1,0,9.489935,0.510065,-27.422012,-27.422012,0.000000,0.000000
1.740507,1,0,9.494779,0.505221,-27.415367,-27.415367,0.000000,0.000000
1.760388,1,0,9.489935,0.510065,-27.422012,-27.422012,0.000000,0.000000
1.780478,1,0,9.494779,0.505221,-27.415367,-27.415367,0.000000,0.000000
1.800380,1,0,9.494779,0.505221,-27.415367,-27.415367,0.000000,0.000000
1.820506,1,0,9.494779,0.505221,-27.415367,-27.415367,0.000000,0.000000
1.840415,1,0,9.494779,0.505221,-27.415367,-27.415367,0.000000,0.000000
1.860391,1,0,9.494779,0.505221,-27.415367,-27.415367,0.000000,0.000000
1.880437,1,0,9.494779,0.505221,-27.415367,-27.415367,0.000000,0.000000
1.900470,1,0,9.494779,0.505221,-27.415367,-27.415367,0.000000,0.000000
1.920506,1,0,9.494779,0.505221,-27.415367,-27.415367,0.000000,0.000000
1.940523,1,0,9.494779,0.505221,-27.415367,-27.415367,0.000000,0.000000
1.960398,1,0,9.494779,0.505221,-27.415367,-27.415367,0.000000,0.000000
1.980561,1,0,9.494779,0.505221,-27.415367,-27.415367,0.000000,0.000000
2.000379,1,0,9.494779,0.505221,-27.415367,-27.415367,0.000000,0.000000
2.020590,1,0,9.494779,0.505221,-27.415367,-27.415367,0.000000,0.000000
2.040336,1,0,9.494779,0.505221,-27.415367,-27.415367,0.000000,0.000000
2.060573,1,0,9.494779,0.505221,-27.415367,-27.415367,0.000000,0.000000
2.080605,1,0,9.494779,0.505221,-27.415367,-27.415367,0.000000,0.000000
2.100332,1,0,9.494779,0.505221,-27.415367,-27.415367,0.000000,0.000000
2.120324,1,0,9.494779,0.505221,-27.415367,-27.415367,0.000000,0.000000
2.140360,1,0,9.494779,0.505221,-27.415367,-27.415367,0.000000,0.000000
2.160821,1,0,9.494779,0.505221,-27.415367,-27.415367,0.000000,0.000000
2.180305,1,0,9.494779,0.505221,-27.415367,-27.415367,0.000000,0.000000
2.200308,1,0,9.494779,0.505221,-27.415367,-27.415367,0.000000,0.000000
2.220367,1,0,9.494779,0.505221,-27.415367,-27.415367,0.000000,0.000000
2.240363,1,0,9.494779,0.505221,-27.415367,-27.415367,0.000000,0.000000
2.260359,1,0,9.494779,0.505221,-27.415367,-27.415367,0.000000,0.000000
2.280475,1,0,9.494779,0.505221,-27.415367,-27.415367,0.000000,0.000000
2.300526,1,0,9.494779,0.505221,-27.415367,-27.415367,0.000000,0.000000
2.320475,1,0,9.494779,0.505221,-27.415367,-27.415367,0.000000,0.000000
2.340430,1,0,9.494779,0.505221,-27.415367,-27.415367,0.000000,0.000000
2.361412,1,0,9.494779,0.505221,-27.415367,-27.415367,0.000000,0.000000
2.381908,1,0,9.494779,0.505221,-27.415367,-27.415367,0.000000,0.000000
2.400352,1,0,9.489935,0.510065,-27.422012,-27.422012,0.000000,0.000000
2.420404,1,0,9.494779,0.505221,-27.415367,-27.415367,0.000000,0.000000
2.440297,1,0,9.505674,0.494326,-27.399551,-27.399551,0.000000,0.000000
2.460551,1,0,9.494779,0.505221,-27.415367,-27.415367,0.000000,0.000000
2.480346,1,0,9.494779,0.505221,-27.415367,-27.415367,0.000000,0.000000
2.500452,1,0,9.505674,0.494326,-27.399551,-27.399551,0.000000,0.000000
2.520344,1,0,9.505674,0.494326,-27.399551,-27.399551,0.000000,0.000000
2.540308,1,0,9.505674,0.494326,-27.399551,-27.399551,0.000000,0.000000
2.560557,1,0,9.494779,0.505221,-27.415367,-27.415367,0.000000,0.000000
2.580387,1,0,9.494779,0.505221,-27.415367,-27.415367,0.000000,0.000000
2.600645,1,0,9.494779,0.505221,-27.415367,-27.415367,0.000000,0.000000
2.620400,1,0,9.494779,0.505221,-27.415367,-27.415367,0.000000,0.000000
2.640436,1,0,9.494779,0.505221,-27.415367,-27.415367,0.000000,0.000000
2.660399,1,0,9.505674,0.494326,-27.399551,-27.399551,0.000000,0.000000
2.680582,1,0,9.494779,0.505221,-27.415367,-27.415367,0.000000,0.000000
2.700437,1,0,9.494779,0.505221,-27.415367,-27.415367,0.000000,0.000000
2.720465,1,0,9.494779,0.505221,-27.415367,-27.415367,0.000000,0.000000
2.740413,1,0,9.494779,0.505221,-27.415367,-27.415367,0.000000,0.000000
2.760353,1,0,9.494779,0.505221,-27.415367,-27.415367,0.000000,0.000000
2.780412,1,0,9.494779,0.505221,-27.415367,-27.415367,0.000000,0.000000
2.800416,1,0,9.494779,0.505221,-27.415367,-27.415367,0.000000,0.000000
2.820496,1,0,9.494779,0.505221,-27.415367,-27.415367,0.000000,0.000000
2.840378,1,0,9.494779,0.505221,-27.415367,-27.415367,0.000000,0.000000
2.860392,1,0,9.505674,0.494326,-27.399551,-27.399551,0.000000,0.000000
2.880452,1,0,9.494779,0.505221,-27.415367,-27.415367,0.000000,0.000000
2.900580,1,0,9.505674,0.494326,-27.399551,-27.399551,0.000000,0.000000
2.920412,1,0,9.505674,0.494326,-27.399551,-27.399551,0.000000,0.000000
2.940613,1,0,9.494779,0.505221,-27.415367,-27.415367,0.000000,0.000000
2.960412,1,0,9.505674,0.494326,-27.399551,-27.399551,0.000000,0.000000
2.980581,1,0,9.494779,0.505221,-27.415367,-27.415367,0.000000,0.000000
3.000493,1,0,9.494779,0.505221,-27.415367,-27.415367,0.000000,0.000000
3.020422,1,0,9.494779,0.505221,-27.415367,-27.415367,0.000000,0.000000
3.040613,1,0,9.494779,0.505221,-27.415367,-27.415367,0.000000,0.000000
3.060458,1,0,9.494779,0.505221,-27.415367,-27.415367,0.000000,0.000000
3.080370,1,0,9.505674,0.494326,-27.399551,-27.399551,0.000000,0.000000
3.100359,1,0,9.489935,0.510065,-27.422012,-27.422012,0.000000,0.000000
3.120539,1,0,9.494779,0.505221,-27.496132,-27.496132,0.000000,0.000000
3.140363,1,0,9.460787,0.539213,-27.550140,-27.550140,0.000000,0.000000
3.160311,1,0,9.460787,0.539213,-27.550140,-27.550140,0.000000,0.000000
3.180419,1,0,9.504463,0.495537,-27.482895,-27.482895,0.000000,0.000000
3.200398,1,0,9.478357,0.521643,-27.521111,-27.521111,0.000000,0.000000
3.220574,1,0,9.306039,0.693961,-27.629349,-27.629349,0.000000,0.000000
3.240503,1,0,9.277914,0.722086,-27.593887,-27.593887,0.000000,0.000000
3.260432,1,0,9.158898,0.841102,-27.627983,-27.627983,0.000000,0.000000
3.280500,1,0,9.195155,0.804845,-27.509079,-27.509079,0.000000,0.000000
3.300411,1,0,9.205451,0.794549,-27.494682,-27.494682,0.000000,0.000000
3.320459,1,0,9.294870,0.705130,-27.419601,-27.419601,0.000000,0.000000
3.340339,1,0,9.376595,0.623405,-27.374710,-27.374710,0.000000,0.000000
3.360634,1,0,9.532670,0.467330,-27.281830,-27.281830,0.000000,0.000000
3.380520,1,0,9.726487,0.273513,-27.229538,-27.229538,0.000000,0.000000
3.400562,1,0,9.933624,0.066376,-27.230217,-27.230217,0.000000,0.000000
3.421242,1,0,9.967298,0.032702,-27.167603,-27.167603,0.000000,0.000000
3.440549,1,0,9.950544,0.049456,-27.187080,-27.187080,0.000000,0.000000
3.460393,1,0,9.947201,0.052799,-27.215630,-27.215630,0.000000,0.000000
3.480574,1,0,9.826772,0.173228,-27.098137,-27.098137,0.000000,0.000000
3.500441,1,0,9.896071,0.103929,-27.121239,-27.121239,0.000000,0.000000
3.520347,1,0,9.958085,0.041915,-27.203934,-27.203934,0.000000,0.000000
3.540467,1,0,9.974721,0.025279,-27.080879,-27.080879,0.000000,0.000000
3.560455,1,0,10.089802,-0.089802,-27.015465,-27.015465,0.000000,0.000000
3.580496,1,0,10.113190,-0.113190,-26.993256,-26.993256,0.000000,0.000000
3.600342,1,0,10.245315,-0.245315,-26.893600,-26.893600,0.000000,0.000000
3.620500,1,0,10.152966,-0.152966,-26.929306,-26.929306,0.000000,0.000000
3.640382,1,0,10.152966,-0.152966,-26.929306,-26.929306,0.000000,0.000000
3.660537,1,0,10.228021,-0.228021,-26.908562,-26.908562,0.000000,0.000000
3.680443,1,0,10.228021,-0.228021,-26.908562,-26.908562,0.000000,0.000000
3.700445,1,0,10.228021,-0.228021,-26.908562,-26.908562,0.000000,0.000000
3.720627,1,0,10.226151,-0.226151,-26.915497,-26.915497,0.000000,0.000000
3.740483,1,0,10.243743,-0.243743,-26.902374,-26.902374,0.000000,0.000000
3.760430,1,0,10.388182,-0.388182,-26.922371,-26.922371,0.000000,0.000000
3.780445,1,0,10.398730,-0.398730,-26.903214,-26.903214,0.000000,0.000000
3.800324,1,0,10.291832,-0.291832,-26.859184,-26.859184,0.000000,0.000000
3.820327,1,0,10.253337,-0.253337,-26.763092,-26.763092,0.000000,0.000000
3.840413,1,0,10.229371,-0.229371,-26.784721,-26.784721,0.000000,0.000000
3.860430,1,0,10.237352,-0.237352,-26.777519,-26.777519,0.000000,0.000000
3.880564,1,0,10.253337,-0.253337,-26.763092,-26.763092,0.000000,0.000000
3.900471,1,0,10.372933,-0.372933,-26.739174,-26.739174,0.000000,0.000000
3.920692,1,0,10.348688,-0.348688,-26.786232,-26.786232,0.000000,0.000000
3.940331,1,0,10.431618,-0.431618,-26.812378,-26.812378,0.000000,0.000000
3.960871,1,0,10.473041,-0.473041,-26.713776,-26.713776,0.000000,0.000000
3.980663,1,0,10.452915,-0.452915,-26.713776,-26.713776,0.000000,0.000000
4.000627,1,0,10.598489,-0.598489,-26.634438,-26.634438,0.000000,0.000000
4.020519,1,0,10.520852,-0.520852,-26.572197,-26.572197,0.000000,0.000000
4.040525,1,0,10.534392,-0.534392,-26.607231,-26.607231,0.000000,0.000000
4.060478,1,0,10.605884,-0.605884,-26.645462,-26.645462,0.000000,0.000000
4.080468,1,0,10.592843,-0.592843,-26.611008,-26.611008,0.000000,0.000000
4.100531,1,0,10.710873,-0.710873,-26.602859,-26.602859,0.000000,0.000000
4.121828,1,0,10.749290,-0.749290,-26.572197,-26.572197,0.000000,0.000000
4.140524,1,0,10.855876,-0.855876,-26.527367,-26.527367,0.000000,0.000000
4.160605,1,0,10.879000,-0.879000,-26.511650,-26.511650,0.000000,0.000000
4.180681,1,0,10.879000,-0.879000,-26.511650,-26.511650,0.000000,0.000000
4.200295,1,0,10.831157,-0.831157,-26.566818,-26.566818,0.000000,0.000000
4.220525,1,0,10.883053,-0.883053,-26.583427,-26.583427,0.000000,0.000000
4.240369,1,0,10.879000,-0.879000,-26.511650,-26.511650,0.000000,0.000000
4.260571,1,0,10.877720,-0.877720,-26.512527,-26.512527,0.000000,0.000000
4.280371,1,0,10.902201,-0.902201,-26.495941,-26.495941,0.000000,0.000000
4.300343,1,0,10.906653,-0.906653,-26.484940,-26.484940,0.000000,0.000000
4.320458,1,0,10.939796,-0.939796,-26.426773,-26.426773,0.000000,0.000000
4.340527,1,0,10.983234,-0.983234,-26.404099,-26.404099,0.000000,0.000000
4.360377,1,0,11.144971,-1.144971,-26.359314,-26.359314,0.000000,0.000000
4.380557,1,0,11.144971,-1.144971,-26.359314,-26.359314,0.000000,0.000000
4.400341,1,0,11.144971,-1.144971,-26.359314,-26.359314,0.000000,0.000000
4.420477,1,0,11.119670,-1.119670,-26.278915,-26.278915,0.000000,0.000000
4.440404,1,0,11.119670,-1.119670,-26.278915,-26.278915,0.000000,0.000000
4.460784,1,0,11.149002,-1.149002,-26.295990,-26.295990,0.000000,0.000000
4.480648,1,0,11.149002,-1.149002,-26.295990,-26.295990,0.000000,0.000000
4.500462,1,0,11.101039,-1.101039,-26.322540,-26.322540,0.000000,0.000000
4.520458,1,0,11.124440,-1.124440,-26.307518,-26.307518,0.000000,0.000000
4.540416,1,0,11.189658,-1.189658,-26.333023,-26.333023,0.000000,0.000000
4.560445,1,0,11.170335,-1.170335,-26.328522,-26.328522,0.000000,0.000000
4.580791,1,0,11.170335,-1.170335,-26.328522,-26.328522,0.000000,0.000000
4.600734,1,0,11.225539,-1.225539,-26.211227,-26.211227,0.000000,0.000000
4.620392,1,0,11.225539,-1.225539,-26.211227,-26.211227,0.000000,0.000000
4.640371,1,0,11.225539,-1.225539,-26.211227,-26.211227,0.000000,0.000000
4.660438,1,0,11.220674,-1.220674,-26.290291,-26.290291,0.000000,0.000000
4.680707,1,0,11.221339,-1.221339,-26.215332,-26.215332,0.000000,0.000000
4.700385,1,0,11.259949,-1.259949,-26.229111,-26.229111,0.000000,0.000000
4.721017,1,0,11.259949,-1.259949,-26.229111,-26.229111,0.000000,0.000000
4.740444,1,0,11.259949,-1.259949,-26.229111,-26.229111,0.000000,0.000000
4.760529,1,0,11.357575,-1.357575,-26.239166,-26.239166,0.000000,0.000000
4.780614,1,0,11.349333,-1.349333,-26.211227,-26.211227,0.000000,0.000000
4.800403,1,0,11.370471,-1.370471,-26.200310,-26.200310,0.000000,0.000000
4.820484,1,0,11.459572,-1.459572,-26.233665,-26.233665,0.000000,0.000000
4.840475,1,0,11.544486,-1.544486,-26.284607,-26.284607,0.000000,0.000000
4.860449,1,0,11.560174,-1.560174,-26.200310,-26.200310,0.000000,0.000000
4.880440,1,0,11.560174,-1.560174,-26.200310,-26.200310,0.000000,0.000000
4.900427,1,0,11.560174,-1.560174,-26.200310,-26.200310,0.000000,0.000000
4.920460,1,0,11.525969,-1.525969,-26.246948,-26.246948,0.000000,0.000000
4.940806,1,0,11.525969,-1.525969,-26.246948,-26.246948,0.000000,0.000000
4.960443,1,0,11.545464,-1.545464,-26.238327,-26.238327,0.000000,0.000000
4.980520,1,0,11.575261,-1.575261,-26.116302,-26.116302,0.000000,0.000000
5.000583,1,0,11.575261,-1.575261,-26.116302,-26.116302,0.000000,0.000000
5.020475,1,0,11.596601,-1.596601,-26.105820,-26.105820,0.000000,0.000000
5.040437,1,0,11.589770,-1.589770,-26.032509,-26.032509,0.000000,0.000000
5.060344,1,0,11.625239,-1.625239,-26.015518,-26.015518,0.000000,0.000000
5.080616,1,0,11.646330,-1.646330,-26.005455,-26.005455,0.000000,0.000000
5.100439,1,0,11.646330,-1.646330,-26.005455,-26.005455,0.000000,0.000000
5.120518,1,0,11.646330,-1.646330,-26.005455,-26.005455,0.000000,0.000000
5.140585,1,0,11.730935,-1.730935,-26.014359,-26.014359,0.000000,0.000000
5.160456,1,0,11.751251,-1.751251,-26.005379,-26.005379,0.000000,0.000000
5.180403,1,0,11.758353,-1.758353,-26.031136,-26.031136,0.000000,0.000000
5.200384,1,0,11.758353,-1.758353,-26.031136,-26.031136,0.000000,0.000000
5.220546,1,0,11.778736,-1.778736,-26.022148,-26.022148,0.000000,0.000000
5.240364,1,0,11.778736,-1.778736,-26.022148,-26.022148,0.000000,0.000000
5.260416,1,0,11.872406,-1.872406,-26.038910,-26.038910,0.000000,0.000000
5.280434,1,0,11.864853,-1.864853,-25.964966,-25.964966,0.000000,0.000000
5.300419,1,0,11.883760,-1.883760,-25.956909,-25.956909,0.000000,0.000000
5.320384,1,0,11.904082,-1.904082,-25.948273,-25.948273,0.000000,0.000000
5.340325,1,0,11.911008,-1.911008,-26.022148,-26.022148,0.000000,0.000000
5.360613,1,0,11.893067,-1.893067,-26.029930,-26.029930,0.000000,0.000000
5.380437,1,0,11.893067,-1.893067,-26.029930,-26.029930,0.000000,0.000000
5.400776,1,0,11.911008,-1.911008,-26.022148,-26.022148,0.000000,0.000000
5.420494,1,0,11.957053,-1.957053,-26.048256,-26.048256,0.000000,0.000000
5.440381,1,0,12.030798,-2.030798,-26.072617,-26.072617,0.000000,0.000000
5.460441,1,0,12.078906,-2.078906,-26.130615,-26.130615,0.000000,0.000000
5.480611,1,0,12.065318,-2.065318,-26.163673,-26.163673,0.000000,0.000000
5.500522,1,0,12.110921,-2.110921,-26.189407,-26.189407,0.000000,0.000000
5.520790,1,0,12.053816,-2.053816,-26.369225,-26.369225,0.000000,0.000000
5.540529,1,0,11.933668,-1.933668,-26.477669,-26.477669,0.000000,0.000000
5.560538,1,0,11.837703,-1.837703,-26.686874,-26.686874,0.000000,0.000000
5.580411,1,0,11.685548,-1.685548,-26.861015,-26.861015,0.000000,0.000000
5.600340,1,0,11.617751,-1.617751,-26.863136,-26.863136,0.000000,0.000000
5.620837,1,0,11.608465,-1.608465,-27.067108,-27.067108,0.000000,0.000000
5.640392,1,0,11.538186,-1.538186,-27.113747,-27.113747,0.000000,0.000000
5.660475,1,0,11.432462,-1.432462,-27.173317,-27.173317,0.000000,0.000000
5.680412,1,0,11.432462,-1.432462,-27.173317,-27.173317,0.000000,0.000000
5.700454,1,0,11.348158,-1.348158,-27.402374,-27.402374,0.000000,0.000000
5.720573,1,0,11.129156,-1.129156,-27.751991,-27.751991,0.000000,0.000000
5.740467,1,0,11.158278,-1.158278,-27.792099,-27.792099,0.000000,0.000000
5.761211,1,0,11.090873,-1.090873,-28.031723,-28.031723,0.000000,0.000000
5.780582,1,0,10.988223,-0.988223,-28.081177,-28.081177,0.000000,0.000000
5.800404,1,0,10.927057,-0.927057,-28.074654,-28.074654,0.000000,0.000000
5.820425,1,0,10.842959,-0.842959,-28.269279,-28.269279,0.000000,0.000000
5.840475,1,0,10.783365,-0.783365,-28.348511,-28.348511,0.000000,0.000000
5.860561,0,0,0.000000,0.000000,0.000000,0.000000,0.000000,0.000000
5.880353,0,0,0.000000,0.000000,0.000000,0.000000,0.000000,0.000000
5.900405,0,0,0.000000,0.000000,0.000000,0.000000,0.000000,0.000000
5.920480,0,0,0.000000,0.000000,0.000000,0.000000,0.000000,0.000000
5.940266,0,0,0.000000,0.000000,0.000000,0.000000,0.000000,0.000000
5.960356,0,0,0.000000,0.000000,0.000000,0.000000,0.000000,0.000000
5.980609,0,0,0.000000,0.000000,0.000000,0.000000,0.000000,0.000000
6.000300,0,0,0.000000,0.000000,0.000000,0.000000,0.000000,0.000000
6.020423,0,0,0.000000,0.000000,0.000000,0.000000,0.000000,0.000000
6.040661,0,0,0.000000,0.000000,0.000000,0.000000,0.000000,0.000000
6.060463,0,0,0.000000,0.000000,0.000000,0.000000,0.000000,0.000000
6.080752,0,0,0.000000,0.000000,0.000000,0.000000,0.000000,0.000000
6.100436,0,0,0.000000,0.000000,0.000000,0.000000,0.000000,0.000000
6.120459,0,0,0.000000,0.000000,0.000000,0.000000,0.000000,0.000000
6.140277,0,0,0.000000,0.000000,0.000000,0.000000,0.000000,0.000000
6.160467,0,0,0.000000,0.000000,0.000000,0.000000,0.000000,0.000000
6.180410,0,0,0.000000,0.000000,0.000000,0.000000,0.000000,0.000000
6.200292,0,0,0.000000,0.000000,0.000000,0.000000,0.000000,0.000000
6.220533,0,0,0.000000,0.000000,0.000000,0.000000,0.000000,0.000000
6.240392,0,0,0.000000,0.000000,0.000000,0.000000,0.000000,0.000000
6.260363,0,0,0.000000,0.000000,0.000000,0.000000,0.000000,0.000000
6.280389,0,0,0.000000,0.000000,0.000000,0.000000,0.000000,0.000000
6.300378,0,0,0.000000,0.000000,0.000000,0.000000,0.000000,0.000000
6.320649,0,0,0.000000,0.000000,0.000000,0.000000,0.000000,0.000000
6.340291,0,0,0.000000,0.000000,0.000000,0.000000,0.000000,0.000000
6.360628,0,0,0.000000,0.000000,0.000000,0.000000,0.000000,0.000000
6.380914,0,0,0.000000,0.000000,0.000000,0.000000,0.000000,0.000000
6.400362,0,0,0.000000,0.000000,0.000000,0.000000,0.000000,0.000000
6.420486,0,0,0.000000,0.000000,0.000000,0.000000,0.000000,0.000000
6.440354,0,0,0.000000,0.000000,0.000000,0.000000,0.000000,0.000000
6.460469,0,0,0.000000,0.000000,0.000000,0.000000,0.000000,0.000000
6.480742,0,0,0.000000,0.000000,0.000000,0.000000,0.000000,0.000000
6.500450,0,0,0.000000,0.000000,0.000000,0.000000,0.000000,0.000000
6.520311,0,0,0.000000,0.000000,0.000000,0.000000,0.000000,0.000000
6.540457,0,0,0.000000,0.000000,0.000000,0.000000,0.000000,0.000000
6.560437,0,0,0.000000,0.000000,0.000000,0.000000,0.000000,0.000000
6.580692,0,0,0.000000,0.000000,0.000000,0.000000,0.000000,0.000000
6.600419,0,0,0.000000,0.000000,0.000000,0.000000,0.000000,0.000000
6.620556,0,0,0.000000,0.000000,0.000000,0.000000,0.000000,0.000000
6.640448,0,0,0.000000,0.000000,0.000000,0.000000,0.000000,0.000000
6.660289,0,0,0.000000,0.000000,0.000000,0.000000,0.000000,0.000000
6.680802,0,0,0.000000,0.000000,0.000000,0.000000,0.000000,0.000000
6.700355,0,0,0.000000,0.000000,0.000000,0.000000,0.000000,0.000000
6.720435,0,0,0.000000,0.000000,0.000000,0.000000,0.000000,0.000000
6.740316,0,0,0.000000,0.000000,0.000000,0.000000,0.000000,0.000000
6.760492,0,0,0.000000,0.000000,0.000000,0.000000,0.000000,0.000000
6.780814,0,0,0.000000,0.000000,0.000000,0.000000,0.000000,0.000000
6.800450,0,0,0.000000,0.000000,0.000000,0.000000,0.000000,0.000000
6.820385,0,0,0.000000,0.000000,0.000000,0.000000,0.000000,0.000000
6.840446,0,0,0.000000,0.000000,0.000000,0.000000,0.000000,0.000000
6.860491,0,0,0.000000,0.000000,0.000000,0.000000,0.000000,0.000000
6.880398,0,0,0.000000,0.000000,0.000000,0.000000,0.000000,0.000000
6.900496,0,0,0.000000,0.000000,0.000000,0.000000,0.000000,0.000000
6.920519,0,0,0.000000,0.000000,0.000000,0.000000,0.000000,0.000000
6.940411,0,0,0.000000,0.000000,0.000000,0.000000,0.000000,0.000000
6.960434,0,0,0.000000,0.000000,0.000000,0.000000,0.000000,0.000000
6.980351,0,0,0.000000,0.000000,0.000000,0.000000,0.000000,0.000000
7.000301,0,0,0.000000,0.000000,0.000000,0.000000,0.000000,0.000000
7.020527,0,0,0.000000,0.000000,0.000000,0.000000,0.000000,0.000000
7.040441,0,0,0.000000,0.000000,0.000000,0.000000,0.000000,0.000000
7.060455,0,0,0.000000,0.000000,0.000000,0.000000,0.000000,0.000000
7.081541,0,0,0.000000,0.000000,0.000000,0.000000,0.000000,0.000000
7.100412,0,0,0.000000,0.000000,0.000000,0.000000,0.000000,0.000000
7.120321,0,0,0.000000,0.000000,0.000000,0.000000,0.000000,0.000000
7.140372,0,0,0.000000,0.000000,0.000000,0.000000,0.000000,0.000000
7.160351,0,0,0.000000,0.000000,0.000000,0.000000,0.000000,0.000000
7.180338,0,0,0.000000,0.000000,0.000000,0.000000,0.000000,0.000000
7.200427,0,0,0.000000,0.000000,0.000000,0.000000,0.000000,0.000000
7.220342,0,0,0.000000,0.000000,0.000000,0.000000,0.000000,0.000000
7.240453,0,0,0.000000,0.000000,0.000000,0.000000,0.000000,0.000000
7.260345,0,0,0.000000,0.000000,0.000000,0.000000,0.000000,0.000000
7.280353,0,0,0.000000,0.000000,0.000000,0.000000,0.000000,0.000000
7.300558,0,0,0.000000,0.000000,0.000000,0.000000,0.000000,0.000000
7.320377,0,0,0.000000,0.000000,0.000000,0.000000,0.000000,0.000000
7.340316,0,0,0.000000,0.000000,0.000000,0.000000,0.000000,0.000000
7.360417,0,0,0.000000,0.000000,0.000000,0.000000,0.000000,0.000000
7.380594,0,0,0.000000,0.000000,0.000000,0.000000,0.000000,0.000000
7.400363,0,0,0.000000,0.000000,0.000000,0.000000,0.000000,0.000000
7.420390,0,0,0.000000,0.000000,0.000000,0.000000,0.000000,0.000000
7.440433,0,0,0.000000,0.000000,0.000000,0.000000,0.000000,0.000000
7.460775,0,0,0.000000,0.000000,0.000000,0.000000,0.000000,0.000000
7.480390,0,0,0.000000,0.000000,0.000000,0.000000,0.000000,0.000000
7.500398,0,0,0.000000,0.000000,0.000000,0.000000,0.000000,0.000000
7.520343,0,0,0.000000,0.000000,0.000000,0.000000,0.000000,0.000000
7.540496,0,0,0.000000,0.000000,0.000000,0.000000,0.000000,0.000000
7.560437,0,0,0.000000,0.000000,0.000000,0.000000,0.000000,0.000000
7.580484,0,0,0.000000,0.000000,0.000000,0.000000,0.000000,0.000000
7.600279,0,0,0.000000,0.000000,0.000000,0.000000,0.000000,0.000000
7.620478,0,0,0.000000,0.000000,0.000000,0.000000,0.000000,0.000000
7.640410,0,0,0.000000,0.000000,0.000000,0.000000,0.000000,0.000000
7.660623,0,0,0.000000,0.000000,0.000000,0.000000,0.000000,0.000000
7.680362,0,0,0.000000,0.000000,0.000000,0.000000,0.000000,0.000000
7.700416,0,0,0.000000,0.000000,0.000000,0.000000,0.000000,0.000000
7.720364,0,0,0.000000,0.000000,0.000000,0.000000,0.000000,0.000000
7.740549,0,0,0.000000,0.000000,0.000000,0.000000,0.000000,0.000000
7.761146,0,0,0.000000,0.000000,0.000000,0.000000,0.000000,0.000000
7.780392,0,0,0.000000,0.000000,0.000000,0.000000,0.000000,0.000000
7.800463,0,0,0.000000,0.000000,0.000000,0.000000,0.000000,0.000000
7.820537,0,0,0.000000,0.000000,0.000000,0.000000,0.000000,0.000000
7.840569,0,0,0.000000,0.000000,0.000000,0.000000,0.000000,0.000000
7.860414,0,0,0.000000,0.000000,0.000000,0.000000,0.000000,0.000000
7.880455,0,0,0.000000,0.000000,0.000000,0.000000,0.000000,0.000000
7.900404,0,0,0.000000,0.000000,0.000000,0.000000,0.000000,0.000000
7.920471,0,0,0.000000,0.000000,0.000000,0.000000,0.000000,0.000000
7.940349,0,0,0.000000,0.000000,0.000000,0.000000,0.000000,0.000000
7.960493,0,0,0.000000,0.000000,0.000000,0.000000,0.000000,0.000000
7.980587,0,0,0.000000,0.000000,0.000000,0.000000,0.000000,0.000000
8.000320,0,0,0.000000,0.000000,0.000000,0.000000,0.000000,0.000000
8.020388,0,0,0.000000,0.000000,0.000000,0.000000,0.000000,0.000000
8.040500,0,0,0.000000,0.000000,0.000000,0.000000,0.000000,0.000000
8.060449,0,0,0.000000,0.000000,0.000000,0.000000,0.000000,0.000000
8.080383,0,0,0.000000,0.000000,0.000000,0.000000,0.000000,0.000000
8.100663,0,0,0.000000,0.000000,0.000000,0.000000,0.000000,0.000000
8.120555,0,0,0.000000,0.000000,0.000000,0.000000,0.000000,0.000000
8.140524,0,0,0.000000,0.000000,0.000000,0.000000,0.000000,0.000000
8.160465,0,0,0.000000,0.000000,0.000000,0.000000,0.000000,0.000000
8.180287,0,0,0.000000,0.000000,0.000000,0.000000,0.000000,0.000000
8.200316,0,0,0.000000,0.000000,0.000000,0.000000,0.000000,0.000000
8.220416,0,0,0.000000,0.000000,0.000000,0.000000,0.000000,0.000000
8.240381,0,0,0.000000,0.000000,0.000000,0.000000,0.000000,0.000000
8.260297,0,0,0.000000,0.000000,0.000000,0.000000,0.000000,0.000000
8.280367,0,0,0.000000,0.000000,0.000000,0.000000,0.000000,0.000000
8.300511,0,0,0.000000,0.000000,0.000000,0.000000,0.000000,0.000000
8.320457,0,0,0.000000,0.000000,0.000000,0.000000,0.000000,0.000000
8.340339,0,0,0.000000,0.000000,0.000000,0.000000,0.000000,0.000000
8.360350,0,0,0.000000,0.000000,0.000000,0.000000,0.000000,0.000000
8.380376,0,0,0.000000,0.000000,0.000000,0.000000,0.000000,0.000000
8.400258,0,0,0.000000,0.000000,0.000000,0.000000,0.000000,0.000000
8.420662,0,0,0.000000,0.000000,0.000000,0.000000,0.000000,0.000000
8.440260,0,0,0.000000,0.000000,0.000000,0.000000,0.000000,0.000000
8.460413,0,0,0.000000,0.000000,0.000000,0.000000,0.000000,0.000000
8.480478,0,0,0.000000,0.000000,0.000000,0.000000,0.000000,0.000000
8.500381,0,0,0.000000,0.000000,0.000000,0.000000,0.000000,0.000000
8.520391,0,0,0.000000,0.000000,0.000000,0.000000,0.000000,0.000000
8.540442,0,0,0.000000,0.000000,0.000000,0.000000,0.000000,0.000000
8.560381,0,0,0.000000,0.000000,0.000000,0.000000,0.000000,0.000000
8.580329,0,0,0.000000,0.000000,0.000000,0.000000,0.000000,0.000000
8.600257,0,0,0.000000,0.000000,0.000000,0.000000,0.000000,0.000000
8.620510,0,0,0.000000,0.000000,0.000000,0.000000,0.000000,0.000000
8.640394,0,0,0.000000,0.000000,0.000000,0.000000,0.000000,0.000000
8.660297,0,0,0.000000,0.000000,0.000000,0.000000,0.000000,0.000000
8.680414,0,0,0.000000,0.000000,0.000000,0.000000,0.000000,0.000000
8.700516,0,0,0.000000,0.000000,0.000000,0.000000,0.000000,0.000000
8.720514,0,0,0.000000,0.000000,0.000000,0.000000,0.000000,0.000000
8.740755,0,0,0.000000,0.000000,0.000000,0.000000,0.000000,0.000000
8.760445,0,0,0.000000,0.000000,0.000000,0.000000,0.000000,0.000000
8.780371,0,0,0.000000,0.000000,0.000000,0.000000,0.000000,0.000000
8.800634,0,0,0.000000,0.000000,0.000000,0.000000,0.000000,0.000000
8.820398,0,0,0.000000,0.000000,0.000000,0.000000,0.000000,0.000000
8.840414,0,0,0.000000,0.000000,0.000000,0.000000,0.000000,0.000000
8.860473,0,0,0.000000,0.000000,0.000000,0.000000,0.000000,0.000000
8.880394,0,0,0.000000,0.000000,0.000000,0.000000,0.000000,0.000000
8.900364,0,0,0.000000,0.000000,0.000000,0.000000,0.000000,0.000000
8.920773,0,0,0.000000,0.000000,0.000000,0.000000,0.000000,0.000000
8.940517,0,0,0.000000,0.000000,0.000000,0.000000,0.000000,0.000000
8.960460,0,0,0.000000,0.000000,0.000000,0.000000,0.000000,0.000000
8.980285,0,0,0.000000,0.000000,0.000000,0.000000,0.000000,0.000000
9.000404,0,0,0.000000,0.000000,0.000000,0.000000,0.000000,0.000000
9.020299,0,0,0.000000,0.000000,0.000000,0.000000,0.000000,0.000000
9.040545,0,0,0.000000,0.000000,0.000000,0.000000,0.000000,0.000000
9.060371,0,0,0.000000,0.000000,0.000000,0.000000,0.000000,0.000000
9.080297,0,0,0.000000,0.000000,0.000000,0.000000,0.000000,0.000000
9.100366,0,0,0.000000,0.000000,0.000000,0.000000,0.000000,0.000000
9.120409,0,0,0.000000,0.000000,0.000000,0.000000,0.000000,0.000000
9.140675,0,0,0.000000,0.000000,0.000000,0.000000,0.000000,0.000000
9.160529,0,0,0.000000,0.000000,0.000000,0.000000,0.000000,0.000000
9.180330,0,0,0.000000,0.000000,0.000000,0.000000,0.000000,0.000000
9.200343,0,0,0.000000,0.000000,0.000000,0.000000,0.000000,0.000000
9.220539,0,0,0.000000,0.000000,0.000000,0.000000,0.000000,0.000000
9.241313,0,0,0.000000,0.000000,0.000000,0.000000,0.000000,0.000000
9.260345,0,0,0.000000,0.000000,0.000000,0.000000,0.000000,0.000000
9.280298,0,0,0.000000,0.000000,0.000000,0.000000,0.000000,0.000000
9.300383,0,0,0.000000,0.000000,0.000000,0.000000,0.000000,0.000000
9.320881,0,0,0.000000,0.000000,0.000000,0.000000,0.000000,0.000000
9.340417,0,0,0.000000,0.000000,0.000000,0.000000,0.000000,0.000000
9.360420,0,0,0.000000,0.000000,0.000000,0.000000,0.000000,0.000000
9.380339,0,0,0.000000,0.000000,0.000000,0.000000,0.000000,0.000000
9.400606,0,0,0.000000,0.000000,0.000000,0.000000,0.000000,0.000000
9.420651,0,0,0.000000,0.000000,0.000000,0.000000,0.000000,0.000000
9.440438,0,0,0.000000,0.000000,0.000000,0.000000,0.000000,0.000000
9.461572,0,0,0.000000,0.000000,0.000000,0.000000,0.000000,0.000000
9.480459,0,0,0.000000,0.000000,0.000000,0.000000,0.000000,0.000000
9.500301,0,0,0.000000,0.000000,0.000000,0.000000,0.000000,0.000000
9.520885,0,0,0.000000,0.000000,0.000000,0.000000,0.000000,0.000000
9.540294,0,0,0.000000,0.000000,0.000000,0.000000,0.000000,0.000000
9.560402,0,0,0.000000,0.000000,0.000000,0.000000,0.000000,0.000000
9.580403,0,0,0.000000,0.000000,0.000000,0.000000,0.000000,0.000000
9.600302,0,0,0.000000,0.000000,0.000000,0.000000,0.000000,0.000000
9.620373,0,0,0.000000,0.000000,0.000000,0.000000,0.000000,0.000000
9.640336,0,0,0.000000,0.000000,0.000000,0.000000,0.000000,0.000000
9.660478,0,0,0.000000,0.000000,0.000000,0.000000,0.000000,0.000000
9.680388,0,0,0.000000,0.000000,0.000000,0.000000,0.000000,0.000000
9.700330,0,0,0.000000,0.000000,0.000000,0.000000,0.000000,0.000000
9.720371,0,0,0.000000,0.000000,0.000000,0.000000,0.000000,0.000000
9.740406,0,0,0.000000,0.000000,0.000000,0.000000,0.000000,0.000000
9.760381,0,0,0.000000,0.000000,0.000000,0.000000,0.000000,0.000000
9.780284,0,0,0.000000,0.000000,0.000000,0.000000,0.000000,0.000000
9.800443,0,0,0.000000,0.000000,0.000000,0.000000,0.000000,0.000000
9.820317,0,0,0.000000,0.000000,0.000000,0.000000,0.000000,0.000000
9.840435,0,0,0.000000,0.000000,0.000000,0.000000,0.000000,0.000000
9.860503,0,0,0.000000,0.000000,0.000000,0.000000,0.000000,0.000000
9.880969,0,0,0.000000,0.000000,0.000000,0.000000,0.000000,0.000000
9.900324,0,0,0.000000,0.000000,0.000000,0.000000,0.000000,0.000000
9.920583,0,0,0.000000,0.000000,0.000000,0.000000,0.000000,0.000000
9.940462,0,0,0.000000,0.000000,0.000000,0.000000,0.000000,0.000000
9.960274,0,0,0.000000,0.000000,0.000000,0.000000,0.000000,0.000000
9.980566,0,0,0.000000,0.000000,0.000000,0.000000,0.000000,0.000000
10.000493,0,0,0.000000,0.000000,0.000000,0.000000,0.000000,0.000000
10.020432,0,0,0.000000,0.000000,0.000000,0.000000,0.000000,0.000000
10.040413,0,0,0.000000,0.000000,0.000000,0.000000,0.000000,0.000000
10.061166,0,0,0.000000,0.000000,0.000000,0.000000,0.000000,0.000000
10.080410,0,0,0.000000,0.000000,0.000000,0.000000,0.000000,0.000000
10.100410,0,0,0.000000,0.000000,0.000000,0.000000,0.000000,0.000000
10.120334,0,0,0.000000,0.000000,0.000000,0.000000,0.000000,0.000000
10.140295,0,0,0.000000,0.000000,0.000000,0.000000,0.000000,0.000000
10.160413,0,0,0.000000,0.000000,0.000000,0.000000,0.000000,0.000000
10.180410,0,0,0.000000,0.000000,0.000000,0.000000,0.000000,0.000000
10.200488,0,0,0.000000,0.000000,0.000000,0.000000,0.000000,0.000000
10.220389,0,0,0.000000,0.000000,0.000000,0.000000,0.000000,0.000000
10.240337,0,0,0.000000,0.000000,0.000000,0.000000,0.000000,0.000000
10.260390,0,0,0.000000,0.000000,0.000000,0.000000,0.000000,0.000000
10.280495,0,0,0.000000,0.000000,0.000000,0.000000,0.000000,0.000000
10.300482,0,0,0.000000,0.000000,0.000000,0.000000,0.000000,0.000000
10.320492,0,0,0.000000,0.000000,0.000000,0.000000,0.000000,0.000000
10.340427,0,0,0.000000,0.000000,0.000000,0.000000,0.000000,0.000000
10.360390,0,0,0.000000,0.000000,0.000000,0.000000,0.000000,0.000000
10.380517,0,0,0.000000,0.000000,0.000000,0.000000,0.000000,0.000000
10.400354,0,0,0.000000,0.000000,0.000000,0.000000,0.000000,0.000000
10.420577,0,0,0.000000,0.000000,0.000000,0.000000,0.000000,0.000000
10.440389,0,0,0.000000,0.000000,0.000000,0.000000,0.000000,0.000000
10.460315,0,0,0.000000,0.000000,0.000000,0.000000,0.000000,0.000000
10.480269,0,0,0.000000,0.000000,0.000000,0.000000,0.000000,0.000000
10.500552,0,0,0.000000,0.000000,0.000000,0.000000,0.000000,0.000000
10.520310,0,0,0.000000,0.000000,0.000000,0.000000,0.000000,0.000000
10.540451,0,0,0.000000,0.000000,0.000000,0.000000,0.000000,0.000000
10.560425,0,0,0.000000,0.000000,0.000000,0.000000,0.000000,0.000000
10.580452,0,0,0.000000,0.000000,0.000000,0.000000,0.000000,0.000000
10.600448,0,0,0.000000,0.000000,0.000000,0.000000,0.000000,0.000000
10.620370,0,0,0.000000,0.000000,0.000000,0.000000,0.000000,0.000000
10.640557,0,0,0.000000,0.000000,0.000000,0.000000,0.000000,0.000000
10.660363,0,0,0.000000,0.000000,0.000000,0.000000,0.000000,0.000000
10.680266,0,0,0.000000,0.000000,0.000000,0.000000,0.000000,0.000000
10.700307,0,0,0.000000,0.000000,0.000000,0.000000,0.000000,0.000000
10.720336,0,0,0.000000,0.000000,0.000000,0.000000,0.000000,0.000000
10.740440,0,0,0.000000,0.000000,0.000000,0.000000,0.000000,0.000000
10.760388,0,0,0.000000,0.000000,0.000000,0.000000,0.000000,0.000000
10.780583,0,0,0.000000,0.000000,0.000000,0.000000,0.000000,0.000000
10.800445,0,0,0.000000,0.000000,0.000000,0.000000,0.000000,0.000000
10.820332,0,0,0.000000,0.000000,0.000000,0.000000,0.000000,0.000000
10.840388,0,0,0.000000,0.000000,0.000000,0.000000,0.000000,0.000000
10.860554,0,0,0.000000,0.000000,0.000000,0.000000,0.000000,0.000000
10.880386,0,0,0.000000,0.000000,0.000000,0.000000,0.000000,0.000000
10.900378,0,0,0.000000,0.000000,0.000000,0.000000,0.000000,0.000000
10.920411,0,0,0.000000,0.000000,0.000000,0.000000,0.000000,0.000000
10.940352,0,0,0.000000,0.000000,0.000000,0.000000,0.000000,0.000000
10.960875,0,0,0.000000,0.000000,0.000000,0.000000,0.000000,0.000000
10.980490,0,0,0.000000,0.000000,0.000000,0.000000,0.000000,0.000000
11.000368,0,0,0.000000,0.000000,0.000000,0.000000,0.000000,0.000000
11.020351,0,0,0.000000,0.000000,0.000000,0.000000,0.000000,0.000000
11.040374,0,0,0.000000,0.000000,0.000000,0.000000,0.000000,0.000000
11.060416,0,0,0.000000,0.000000,0.000000,0.000000,0.000000,0.000000
11.080569,0,0,0.000000,0.000000,0.000000,0.000000,0.000000,0.000000
11.100846,0,0,0.000000,0.000000,0.000000,0.000000,0.000000,0.000000
11.120394,0,0,0.000000,0.000000,0.000000,0.000000,0.000000,0.000000
11.140565,0,0,0.000000,0.000000,0.000000,0.000000,0.000000,0.000000
11.160449,0,0,0.000000,0.000000,0.000000,0.000000,0.000000,0.000000
11.180353,0,0,0.000000,0.000000,0.000000,0.000000,0.000000,0.000000
11.200305,0,0,0.000000,0.000000,0.000000,0.000000,0.000000,0.000000
11.220513,0,0,0.000000,0.000000,0.000000,0.000000,0.000000,0.000000
11.240541,0,0,0.000000,0.000000,0.000000,0.000000,0.000000,0.000000
11.260344,0,0,0.000000,0.000000,0.000000,0.000000,0.000000,0.000000
11.280645,0,0,0.000000,0.000000,0.000000,0.000000,0.000000,0.000000
11.300733,0,0,0.000000,0.000000,0.000000,0.000000,0.000000,0.000000
11.320385,0,0,0.000000,0.000000,0.000000,0.000000,0.000000,0.000000
11.340439,0,0,0.000000,0.000000,0.000000,0.000000,0.000000,0.000000
11.360354,0,0,0.000000,0.000000,0.000000,0.000000,0.000000,0.000000
11.380434,0,0,0.000000,0.000000,0.000000,0.000000,0.000000,0.000000
11.400394,0,0,0.000000,0.000000,0.000000,0.000000,0.000000,0.000000
11.420594,0,0,0.000000,0.000000,0.000000,0.000000,0.000000,0.000000
11.440387,0,0,0.000000,0.000000,0.000000,0.000000,0.000000,0.000000
11.460329,0,0,0.000000,0.000000,0.000000,0.000000,0.000000,0.000000
11.480620,0,0,0.000000,0.000000,0.000000,0.000000,0.000000,0.000000
11.500773,0,0,0.000000,0.000000,0.000000,0.000000,0.000000,0.000000
11.520316,0,0,0.000000,0.000000,0.000000,0.000000,0.000000,0.000000
11.540467,0,0,0.000000,0.000000,0.000000,0.000000,0.000000,0.000000
11.560390,0,0,0.000000,0.000000,0.000000,0.000000,0.000000,0.000000
11.580301,0,0,0.000000,0.000000,0.000000,0.000000,0.000000,0.000000
11.600418,0,0,0.000000,0.000000,0.000000,0.000000,0.000000,0.000000
11.620396,0,0,0.000000,0.000000,0.000000,0.000000,0.000000,0.000000
11.640941,0,0,0.000000,0.000000,0.000000,0.000000,0.000000,0.000000
11.660405,0,0,0.000000,0.000000,0.000000,0.000000,0.000000,0.000000
11.680420,0,0,0.000000,0.000000,0.000000,0.000000,0.000000,0.000000
11.700422,0,0,0.000000,0.000000,0.000000,0.000000,0.000000,0.000000
11.720408,0,0,0.000000,0.000000,0.000000,0.000000,0.000000,0.000000
11.740422,0,0,0.000000,0.000000,0.000000,0.000000,0.000000,0.000000
11.760396,0,0,0.000000,0.000000,0.000000,0.000000,0.000000,0.000000
11.780628,0,0,0.000000,0.000000,0.000000,0.000000,0.000000,0.000000
11.801525,0,0,0.000000,0.000000,0.000000,0.000000,0.000000,0.000000
11.820332,0,0,0.000000,0.000000,0.000000,0.000000,0.000000,0.000000
11.840458,0,0,0.000000,0.000000,0.000000,0.000000,0.000000,0.000000
11.860472,0,0,0.000000,0.000000,0.000000,0.000000,0.000000,0.000000
11.880300,0,0,0.000000,0.000000,0.000000,0.000000,0.000000,0.000000
11.900412,0,0,0.000000,0.000000,0.000000,0.000000,0.000000,0.000000
11.920377,0,0,0.000000,0.000000,0.000000,0.000000,0.000000,0.000000
11.940438,0,0,0.000000,0.000000,0.000000,0.000000,0.000000,0.000000
11.960367,0,0,0.000000,0.000000,0.000000,0.000000,0.000000,0.000000
11.980633,0,0,0.000000,0.000000,0.000000,0.000000,0.000000,0.000000
12.000491,0,0,0.000000,0.000000,0.000000,0.000000,0.000000,0.000000
12.020473,0,0,0.000000,0.000000,0.000000,0.000000,0.000000,0.000000
12.040352,0,0,0.000000,0.000000,0.000000,0.000000,0.000000,0.000000
12.060563,0,0,0.000000,0.000000,0.000000,0.000000,0.000000,0.000000
12.080915,0,0,0.000000,0.000000,0.000000,0.000000,0.000000,0.000000
12.100388,0,0,0.000000,0.000000,0.000000,0.000000,0.000000,0.000000
12.120556,0,0,0.000000,0.000000,0.000000,0.000000,0.000000,0.000000
12.140438,0,0,0.000000,0.000000,0.000000,0.000000,0.000000,0.000000
12.160581,0,0,0.000000,0.000000,0.000000,0.000000,0.000000,0.000000
12.180410,0,0,0.000000,0.000000,0.000000,0.000000,0.000000,0.000000
12.200424,0,0,0.000000,0.000000,0.000000,0.000000,0.000000,0.000000
12.220477,0,0,0.000000,0.000000,0.000000,0.000000,0.000000,0.000000
12.240380,0,0,0.000000,0.000000,0.000000,0.000000,0.000000,0.000000
12.260431,0,0,0.000000,0.000000,0.000000,0.000000,0.000000,0.000000
12.280271,0,0,0.000000,0.000000,0.000000,0.000000,0.000000,0.000000
12.300429,0,0,0.000000,0.000000,0.000000,0.000000,0.000000,0.000000
12.320386,0,0,0.000000,0.000000,0.000000,0.000000,0.000000,0.000000
12.340382,0,0,0.000000,0.000000,0.000000,0.000000,0.000000,0.000000
12.360353,0,0,0.000000,0.000000,0.000000,0.000000,0.000000,0.000000
12.380352,0,0,0.000000,0.000000,0.000000,0.000000,0.000000,0.000000
12.400428,0,0,0.000000,0.000000,0.000000,0.000000,0.000000,0.000000
12.420394,0,0,0.000000,0.000000,0.000000,0.000000,0.000000,0.000000
12.440398,0,0,0.000000,0.000000,0.000000,0.000000,0.000000,0.000000
12.460365,0,0,0.000000,0.000000,0.000000,0.000000,0.000000,0.000000
12.480462,0,0,0.000000,0.000000,0.000000,0.000000,0.000000,0.000000
12.500387,0,0,0.000000,0.000000,0.000000,0.000000,0.000000,0.000000
12.520609,0,0,0.000000,0.000000,0.000000,0.000000,0.000000,0.000000
12.540436,0,0,0.000000,0.000000,0.000000,0.000000,0.000000,0.000000
12.560426,0,0,0.000000,0.000000,0.000000,0.000000,0.000000,0.000000
12.580491,1,0,9.762382,0.237618,-28.271301,-28.271301,0.000000,0.000000
12.601697,1,0,10.385777,-0.385777,-27.028191,-27.028191,0.000000,0.000000
12.620523,1,0,10.537696,-0.537696,-24.894951,-24.894951,0.000000,0.000000
12.640618,1,0,10.934839,-0.934839,-22.382744,-22.382744,0.000000,0.000000
12.660754,1,0,11.074327,-1.074327,-20.726471,-20.726471,0.000000,0.000000
12.680387,1,0,11.758414,-1.758414,-16.715431,-16.715431,0.000000,0.000000
12.700564,1,0,11.694620,-1.694620,-13.969170,-13.969170,0.000000,0.000000
12.720507,1,0,11.882801,-1.882801,-12.818626,-12.818626,0.000000,0.000000
12.740584,1,0,11.631020,-1.631020,-10.512009,-10.512009,0.000000,0.000000
12.760403,1,0,11.747372,-1.747372,-9.469391,-9.469391,0.000000,0.000000
12.780757,1,0,11.980730,-1.980730,-6.777489,-6.777489,0.000000,0.000000
12.800934,1,0,12.067438,-2.067438,-5.407562,-5.407562,0.000000,0.000000
12.820415,1,0,12.412999,-2.412999,-4.693222,-4.693222,0.000000,0.000000
12.840667,1,0,12.297572,-2.297572,-2.779968,-2.779968,0.000000,0.000000
12.860461,1,0,12.430440,-2.430440,-2.195549,-2.195549,0.000000,0.000000
12.880890,1,0,11.978493,-1.978493,0.763741,0.763741,0.000000,0.000000
12.900525,1,0,12.254958,-2.254958,2.893028,2.893028,0.000000,0.000000
12.920658,1,0,11.998123,-1.998123,3.874245,3.874245,0.000000,0.000000
12.940508,1,0,12.164218,-2.164218,5.998337,5.998337,0.000000,0.000000
12.960405,1,0,11.996254,-1.996254,7.025024,7.025024,0.000000,0.000000
12.980413,1,0,12.132475,-2.132475,11.101372,11.101372,0.000000,0.000000
13.000508,1,0,12.132475,-2.132475,11.101372,11.101372,0.000000,0.000000
13.020716,1,0,11.761265,-1.761265,15.479568,15.479568,0.000000,0.000000
13.040417,1,0,11.343730,-1.343730,19.000641,19.000641,0.000000,0.000000
13.060553,1,0,11.154919,-1.154919,20.815628,20.815628,0.000000,0.000000
13.080973,1,0,11.403184,-1.403184,25.006805,25.006805,0.000000,0.000000
13.101100,1,0,10.556025,-0.556025,26.922379,26.922379,0.000000,0.000000
13.120380,1,0,10.036716,-0.036716,28.317356,28.317356,0.000000,0.000000
13.140527,0,0,0.000000,0.000000,0.000000,0.000000,0.000000,0.000000
13.160437,0,0,0.000000,0.000000,0.000000,0.000000,0.000000,0.000000
13.180673,0,0,0.000000,0.000000,0.000000,0.000000,0.000000,0.000000
13.200369,0,0,0.000000,0.000000,0.000000,0.000000,0.000000,0.000000
13.220455,0,0,0.000000,0.000000,0.000000,0.000000,0.000000,0.000000
13.240447,0,0,0.000000,0.000000,0.000000,0.000000,0.000000,0.000000
13.260295,0,0,0.000000,0.000000,0.000000,0.000000,0.000000,0.000000
13.280502,1,0,18.679617,-8.679617,-12.230118,-12.230118,0.000000,0.000000
13.300489,1,0,19.185235,-9.185235,-8.253944,-8.253944,0.000000,0.000000
13.320365,1,0,19.185235,-9.185235,-8.253944,-8.253944,0.000000,0.000000
13.340504,1,0,19.755893,-9.755893,-2.254768,-2.254768,0.000000,0.000000
13.360455,1,0,19.755893,-9.755893,-0.410156,-0.410156,0.000000,0.000000
13.380639,1,0,19.755893,-9.755893,-0.410156,-0.410156,0.000000,0.000000
13.400430,1,0,19.726512,-9.726512,7.051865,7.051865,0.000000,0.000000
13.420468,1,0,19.068077,-9.068077,10.840805,10.840805,0.000000,0.000000
13.440495,1,0,18.803425,-8.803425,14.451653,14.451653,0.000000,0.000000
13.460432,1,0,18.548019,-8.548019,16.499229,16.499229,0.000000,0.000000
13.480385,1,0,17.799989,-7.799989,22.198036,22.198036,0.000000,0.000000
13.500491,1,0,17.799989,-7.799989,22.198036,22.198036,0.000000,0.000000
13.520537,1,0,17.390664,-7.390664,28.089794,28.089794,0.000000,0.000000
13.540792,1,0,17.390664,-7.390664,28.089794,28.089794,0.000000,0.000000
13.560489,1,0,19.991747,-9.991747,16.730621,16.730621,0.000000,0.000000
13.580597,1,0,19.476153,-9.476153,20.777618,20.777618,0.000000,0.000000
13.600358,1,0,17.921821,-7.921821,27.629047,27.629047,0.000000,0.000000
13.620463,1,0,18.673243,-8.673243,25.873848,25.873848,0.000000,0.000000
13.640388,1,0,18.673243,-8.673243,25.873848,25.873848,0.000000,0.000000
13.660444,0,0,0.000000,0.000000,0.000000,0.000000,0.000000,0.000000
13.680464,1,0,20.172952,-10.172952,28.176117,28.176117,0.000000,0.000000
13.700483,1,0,22.416309,-12.416309,28.786125,28.786125,0.000000,0.000000
13.720392,1,0,22.416309,-12.416309,28.786125,28.786125,0.000000,0.000000
13.740473,0,0,0.000000,0.000000,0.000000,0.000000,0.000000,0.000000
13.760371,0,0,0.000000,0.000000,0.000000,0.000000,0.000000,0.000000
13.780470,0,0,0.000000,0.000000,0.000000,0.000000,0.000000,0.000000
13.800362,0,0,0.000000,0.000000,0.000000,0.000000,0.000000,0.000000
13.820284,0,0,0.000000,0.000000,0.000000,0.000000,0.000000,0.000000
13.840405,0,0,0.000000,0.000000,0.000000,0.000000,0.000000,0.000000
13.860373,0,0,0.000000,0.000000,0.000000,0.000000,0.000000,0.000000
13.880632,0,0,0.000000,0.000000,0.000000,0.000000,0.000000,0.000000
13.900425,0,0,0.000000,0.000000,0.000000,0.000000,0.000000,0.000000
13.920390,0,0,0.000000,0.000000,0.000000,0.000000,0.000000,0.000000
13.940318,0,0,0.000000,0.000000,0.000000,0.000000,0.000000,0.000000
13.960500,0,0,0.000000,0.000000,0.000000,0.000000,0.000000,0.000000
13.981586,0,0,0.000000,0.000000,0.000000,0.000000,0.000000,0.000000
14.000404,0,0,0.000000,0.000000,0.000000,0.000000,0.000000,0.000000
14.020283,0,0,0.000000,0.000000,0.000000,0.000000,0.000000,0.000000
14.040278,0,0,0.000000,0.000000,0.000000,0.000000,0.000000,0.000000
14.060412,0,0,0.000000,0.000000,0.000000,0.000000,0.000000,0.000000
14.080452,0,0,0.000000,0.000000,0.000000,0.000000,0.000000,0.000000
14.100347,0,0,0.000000,0.000000,0.000000,0.000000,0.000000,0.000000
14.120394,0,0,0.000000,0.000000,0.000000,0.000000,0.000000,0.000000
14.140306,0,0,0.000000,0.000000,0.000000,0.000000,0.000000,0.000000
14.160308,0,0,0.000000,0.000000,0.000000,0.000000,0.000000,0.000000
14.180359,0,0,0.000000,0.000000,0.000000,0.000000,0.000000,0.000000
14.200404,0,0,0.000000,0.000000,0.000000,0.000000,0.000000,0.000000
14.220335,0,0,0.000000,0.000000,0.000000,0.000000,0.000000,0.000000
14.241114,0,0,0.000000,0.000000,0.000000,0.000000,0.000000,0.000000
14.260837,0,0,0.000000,0.000000,0.000000,0.000000,0.000000,0.000000
14.280321,0,0,0.000000,0.000000,0.000000,0.000000,0.000000,0.000000
14.300354,0,0,0.000000,0.000000,0.000000,0.000000,0.000000,0.000000
14.320376,0,0,0.000000,0.000000,0.000000,0.000000,0.000000,0.000000
14.340557,0,0,0.000000,0.000000,0.000000,0.000000,0.000000,0.000000
14.360626,0,0,0.000000,0.000000,0.000000,0.000000,0.000000,0.000000
14.380395,0,0,0.000000,0.000000,0.000000,0.000000,0.000000,0.000000
14.400437,0,0,0.000000,0.000000,0.000000,0.000000,0.000000,0.000000
14.420381,0,0,0.000000,0.000000,0.000000,0.000000,0.000000,0.000000
14.440366,0,0,0.000000,0.000000,0.000000,0.000000,0.000000,0.000000
14.460410,0,0,0.000000,0.000000,0.000000,0.000000,0.000000,0.000000
14.480430,0,0,0.000000,0.000000,0.000000,0.000000,0.000000,0.000000
14.500387,0,0,0.000000,0.000000,0.000000,0.000000,0.000000,0.000000
14.520432,0,0,0.000000,0.000000,0.000000,0.000000,0.000000,0.000000
14.540391,0,0,0.000000,0.000000,0.000000,0.000000,0.000000,0.000000
14.560402,0,0,0.000000,0.000000,0.000000,0.000000,0.000000,0.000000
14.580416,0,0,0.000000,0.000000,0.000000,0.000000,0.000000,0.000000
14.600439,1,0,10.201899,-0.201899,-28.151199,-28.151199,0.000000,0.000000
14.620444,1,0,10.708135,-0.708135,-26.761398,-26.761398,0.000000,0.000000
14.640455,1,0,11.504610,-1.504610,-25.098450,-25.098450,0.000000,0.000000
14.660628,1,0,10.798863,-0.798863,-24.676689,-24.676689,0.000000,0.000000
14.680431,1,0,11.251809,-1.251809,-19.289764,-19.289764,0.000000,0.000000
14.700585,1,0,11.707336,-1.707336,-15.229187,-15.229187,0.000000,0.000000
14.720332,1,0,11.798706,-1.798706,-13.920807,-13.920807,0.000000,0.000000
14.740614,1,0,12.151253,-2.151253,-10.510780,-10.510780,0.000000,0.000000
14.760404,1,0,11.890673,-1.890673,-8.917908,-8.917908,0.000000,0.000000
14.780768,1,0,11.995034,-1.995034,-3.773537,-3.773537,0.000000,0.000000
14.800408,1,0,12.133189,-2.133189,-0.322548,-0.322548,0.000000,0.000000
14.820482,1,0,12.258800,-2.258800,2.893349,2.893349,0.000000,0.000000
14.840605,1,0,12.258800,-2.258800,2.893349,2.893349,0.000000,0.000000
14.860362,1,0,12.013789,-2.013789,6.353836,6.353836,0.000000,0.000000
14.880344,1,0,11.748085,-1.748085,11.178116,11.178116,0.000000,0.000000
14.900437,1,0,11.738913,-1.738913,14.042450,14.042450,0.000000,0.000000
14.920428,1,0,11.500499,-1.500499,15.007713,15.007713,0.000000,0.000000
14.940752,1,0,11.477880,-1.477880,15.729973,15.729973,0.000000,0.000000
14.960603,1,0,11.489476,-1.489476,15.729973,15.729973,0.000000,0.000000
14.980509,1,0,11.800651,-1.800651,14.943329,14.943329,0.000000,0.000000
15.000499,1,0,11.967353,-1.967353,13.621330,13.621330,0.000000,0.000000
15.020533,1,0,12.035920,-2.035920,12.831009,12.831009,0.000000,0.000000
15.040444,1,0,12.208426,-2.208426,11.371819,11.371819,0.000000,0.000000
15.060517,1,0,12.102095,-2.102095,10.836098,10.836098,0.000000,0.000000
15.080388,1,0,11.942841,-1.942841,9.177086,9.177086,0.000000,0.000000
15.100524,1,0,12.088677,-2.088677,8.444267,8.444267,0.000000,0.000000
15.120437,1,0,12.095209,-2.095209,8.108818,8.108818,0.000000,0.000000
15.140703,1,0,12.274850,-2.274850,8.100128,8.100128,0.000000,0.000000
15.161689,1,0,12.274850,-2.274850,8.501755,8.501755,0.000000,0.000000
15.180553,1,0,12.107101,-2.107101,8.511642,8.511642,0.000000,0.000000
15.200578,1,0,12.206403,-2.206403,9.291847,9.291847,0.000000,0.000000
15.220728,1,0,11.912311,-1.912311,9.353752,9.353752,0.000000,0.000000
15.240608,1,0,11.885889,-1.885889,9.937386,9.937386,0.000000,0.000000
15.260756,1,0,11.756428,-1.756428,10.114510,10.114510,0.000000,0.000000
15.280389,1,0,11.647455,-1.647455,10.341972,10.341972,0.000000,0.000000
15.300720,1,0,11.642290,-1.642290,10.513229,10.513229,0.000000,0.000000
15.320398,1,0,11.825762,-1.825762,10.636650,10.636650,0.000000,0.000000
15.340355,1,0,11.739714,-1.739714,10.488495,10.488495,0.000000,0.000000
15.360331,1,0,11.739714,-1.739714,10.488495,10.488495,0.000000,0.000000
15.380316,1,0,11.799801,-1.799801,10.394455,10.394455,0.000000,0.000000
15.400481,1,0,11.849748,-1.849748,10.244377,10.244377,0.000000,0.000000
15.420506,1,0,11.849748,-1.849748,10.244377,10.244377,0.000000,0.000000
15.440624,1,0,11.974997,-1.974997,10.242897,10.242897,0.000000,0.000000
15.461719,1,0,11.905762,-1.905762,9.815018,9.815018,0.000000,0.000000
15.480397,1,0,11.903417,-1.903417,10.019676,10.019676,0.000000,0.000000
15.500400,1,0,11.884357,-1.884357,9.958145,9.958145,0.000000,0.000000
15.521367,1,0,11.884357,-1.884357,9.958145,9.958145,0.000000,0.000000
15.540718,1,0,11.881174,-1.881174,10.163879,10.163879,0.000000,0.000000
15.560379,1,0,11.881174,-1.881174,10.163879,10.163879,0.000000,0.000000
15.580478,1,0,11.881174,-1.881174,10.163879,10.163879,0.000000,0.000000
15.600475,1,0,11.901006,-1.901006,9.864395,9.864395,0.000000,0.000000
15.620478,1,0,11.924073,-1.924073,9.816902,9.816902,0.000000,0.000000
15.640643,1,0,11.903417,-1.903417,10.019676,10.019676,0.000000,0.000000
15.660624,1,0,11.903417,-1.903417,10.019676,10.019676,0.000000,0.000000
15.680284,1,0,11.905762,-1.905762,9.815018,9.815018,0.000000,0.000000
15.700402,1,0,11.902374,-1.902374,9.911385,9.911385,0.000000,0.000000
15.720378,1,0,11.901006,-1.901006,9.864395,9.864395,0.000000,0.000000
15.740788,1,0,11.903417,-1.903417,10.019676,10.019676,0.000000,0.000000
15.760452,1,0,11.888481,-1.888481,9.862778,9.862778,0.000000,0.000000
15.780404,1,0,11.903417,-1.903417,10.019676,10.019676,0.000000,0.000000
15.800690,1,0,11.903417,-1.903417,10.019676,10.019676,0.000000,0.000000
15.820310,1,0,11.924073,-1.924073,9.816902,9.816902,0.000000,0.000000
15.840406,1,0,11.888481,-1.888481,9.862778,9.862778,0.000000,0.000000
15.860871,1,0,11.903417,-1.903417,10.019676,10.019676,0.000000,0.000000
15.880543,1,0,11.903417,-1.903417,10.019676,10.019676,0.000000,0.000000
15.900892,1,0,11.881174,-1.881174,10.163879,10.163879,0.000000,0.000000
15.920368,1,0,11.881174,-1.881174,10.163879,10.163879,0.000000,0.000000
15.940321,1,0,11.881174,-1.881174,10.163879,10.163879,0.000000,0.000000
15.960938,1,0,11.881174,-1.881174,10.163879,10.163879,0.000000,0.000000
15.980335,1,0,11.881174,-1.881174,10.163879,10.163879,0.000000,0.000000
16.001024,1,0,11.884357,-1.884357,9.958145,9.958145,0.000000,0.000000
16.020466,1,0,11.881174,-1.881174,10.163879,10.163879,0.000000,0.000000
16.040369,1,0,11.881174,-1.881174,10.163879,10.163879,0.000000,0.000000
16.060376,1,0,11.881174,-1.881174,10.163879,10.163879,0.000000,0.000000
16.080434,1,0,11.881174,-1.881174,10.163879,10.163879,0.000000,0.000000
16.101168,1,0,11.884357,-1.884357,9.958145,9.958145,0.000000,0.000000
16.120559,1,0,11.884357,-1.884357,9.958145,9.958145,0.000000,0.000000
16.140380,1,0,11.884357,-1.884357,9.958145,9.958145,0.000000,0.000000
16.160546,1,0,11.884357,-1.884357,9.958145,9.958145,0.000000,0.000000
16.180483,1,0,11.884357,-1.884357,9.958145,9.958145,0.000000,0.000000
16.200314,1,0,11.884357,-1.884357,9.958145,9.958145,0.000000,0.000000
16.220467,1,0,11.881174,-1.881174,10.163879,10.163879,0.000000,0.000000
16.240377,1,0,11.881174,-1.881174,10.163879,10.163879,0.000000,0.000000
16.260524,1,0,11.884357,-1.884357,9.958145,9.958145,0.000000,0.000000
16.280715,1,0,11.848655,-1.848655,9.953598,9.953598,0.000000,0.000000
16.300493,1,0,11.881174,-1.881174,10.163879,10.163879,0.000000,0.000000
16.320454,1,0,11.881174,-1.881174,10.163879,10.163879,0.000000,0.000000
16.340325,1,0,11.881174,-1.881174,10.163879,10.163879,0.000000,0.000000
16.360409,1,0,11.881174,-1.881174,10.163879,10.163879,0.000000,0.000000
16.380478,1,0,11.905762,-1.905762,9.815018,9.815018,0.000000,0.000000
16.400420,1,0,11.881174,-1.881174,10.163879,10.163879,0.000000,0.000000
16.420414,1,0,11.919489,-1.919489,9.816429,9.816429,0.000000,0.000000
16.440420,1,0,11.884357,-1.884357,9.958145,9.958145,0.000000,0.000000
16.460455,1,0,11.884357,-1.884357,9.958145,9.958145,0.000000,0.000000
16.480516,1,0,11.884357,-1.884357,9.958145,9.958145,0.000000,0.000000
16.500347,1,0,11.884357,-1.884357,9.958145,9.958145,0.000000,0.000000
16.520509,1,0,11.888481,-1.888481,9.862778,9.862778,0.000000,0.000000
16.540391,1,0,11.905762,-1.905762,9.815018,9.815018,0.000000,0.000000
16.560333,1,0,11.881174,-1.881174,10.163879,10.163879,0.000000,0.000000
16.580415,1,0,11.881174,-1.881174,10.163879,10.163879,0.000000,0.000000
16.600547,1,0,11.886958,-1.886958,10.164635,10.164635,0.000000,0.000000
16.620450,1,0,11.943764,-1.943764,10.185478,10.185478,0.000000,0.000000
16.640638,1,0,12.121017,-2.121017,10.338974,10.338974,0.000000,0.000000
16.660439,1,0,12.164060,-2.164060,10.346497,10.346497,0.000000,0.000000
16.680419,1,0,12.216113,-2.216113,10.250465,10.250465,0.000000,0.000000
16.700702,1,0,12.222018,-2.222018,10.251198,10.251198,0.000000,0.000000
16.720485,1,0,12.227933,-2.227933,10.251930,10.251930,0.000000,0.000000
16.740640,1,0,12.172896,-2.172896,10.308922,10.308922,0.000000,0.000000
16.760436,1,0,12.227933,-2.227933,10.450394,10.450394,0.000000,0.000000
16.780525,1,0,12.271792,-2.271792,10.685608,10.685608,0.000000,0.000000
16.800446,1,0,12.077781,-2.077781,10.822006,10.822006,0.000000,0.000000
16.820572,1,0,12.073918,-2.073918,10.791771,10.791771,0.000000,0.000000
16.840476,1,0,11.949503,-1.949503,11.271469,11.271469,0.000000,0.000000
16.860307,1,0,11.949503,-1.949503,11.271469,11.271469,0.000000,0.000000
16.880452,1,0,11.595617,-1.595617,11.319267,11.319267,0.000000,0.000000
16.900381,1,0,11.377882,-1.377882,11.419617,11.419617,0.000000,0.000000
16.920523,1,0,11.216626,-1.216626,11.363777,11.363777,0.000000,0.000000
16.940411,1,0,11.100759,-1.100759,11.507957,11.507957,0.000000,0.000000
16.960445,1,0,11.100759,-1.100759,11.704735,11.704735,0.000000,0.000000
16.981128,1,0,11.039719,-1.039719,11.715698,11.715698,0.000000,0.000000
17.000433,1,0,11.072301,-1.072301,11.721710,11.721710,0.000000,0.000000
17.020463,1,0,10.963674,-0.963674,11.752579,11.752579,0.000000,0.000000
17.040982,1,0,10.902763,-0.902763,11.609596,11.609596,0.000000,0.000000
17.060499,1,0,10.697873,-0.697873,11.694908,11.694908,0.000000,0.000000
17.080453,1,0,10.697873,-0.697873,11.694908,11.694908,0.000000,0.000000
17.100464,1,0,10.591512,-0.591512,11.696861,11.696861,0.000000,0.000000
17.120590,1,0,10.705937,-0.705937,11.696869,11.696869,0.000000,0.000000
17.140352,1,0,10.773060,-0.773060,11.685074,11.685074,0.000000,0.000000
17.160445,1,0,10.965764,-0.965764,11.649628,11.649628,0.000000,0.000000
17.180466,1,0,10.909382,-0.909382,11.731354,11.731354,0.000000,0.000000
17.200519,1,0,10.917521,-0.917521,11.706352,11.706352,0.000000,0.000000
17.220437,1,0,10.878523,-0.878523,11.749504,11.749504,0.000000,0.000000
17.240621,1,0,10.663463,-0.663463,11.833061,11.833061,0.000000,0.000000
17.260507,1,0,10.663463,-0.663463,11.833061,11.833061,0.000000,0.000000
17.280507,1,0,10.578260,-0.578260,11.786285,11.786285,0.000000,0.000000
17.300476,1,0,10.628899,-0.628899,11.891190,11.891190,0.000000,0.000000
17.320535,1,0,10.542852,-0.542852,11.963623,11.963623,0.000000,0.000000
17.340512,1,0,10.600627,-0.600627,12.070190,12.070190,0.000000,0.000000
17.360416,1,0,10.600627,-0.600627,12.070190,12.070190,0.000000,0.000000
17.380480,1,0,10.472309,-0.472309,12.057365,12.057365,0.000000,0.000000
17.400420,1,0,10.423521,-0.423521,12.473015,12.473015,0.000000,0.000000
17.420494,1,0,10.250048,-0.250048,12.509811,12.509811,0.000000,0.000000
17.440465,1,0,10.158384,-0.158384,12.461845,12.461845,0.000000,0.000000
17.460487,1,0,10.167803,-0.167803,12.530838,12.530838,0.000000,0.000000
17.480472,1,0,10.155328,-0.155328,12.528168,12.528168,0.000000,0.000000
17.500550,1,0,10.084428,-0.084428,12.706909,12.706909,0.000000,0.000000
17.520477,1,0,10.033332,-0.033332,12.668442,12.668442,0.000000,0.000000
17.540418,1,0,9.706406,0.293594,12.614502,12.614502,0.000000,0.000000
17.560355,1,0,9.507759,0.492241,12.809250,12.809250,0.000000,0.000000
17.580464,1,0,9.426126,0.573874,12.761505,12.761505,0.000000,0.000000
17.600384,1,0,9.205022,0.794978,12.753922,12.753922,0.000000,0.000000
17.620432,1,0,9.213378,0.786622,12.899902,12.899902,0.000000,0.000000
17.640458,1,0,9.064973,0.935027,13.128319,13.128319,0.000000,0.000000
17.661138,1,0,9.101207,0.898793,12.961258,12.961258,0.000000,0.000000
17.680421,1,0,9.102867,0.897133,13.054230,13.054230,0.000000,0.000000
17.700338,1,0,9.026068,0.973932,13.239273,13.239273,0.000000,0.000000
17.720458,1,0,8.883279,1.116721,13.221352,13.221352,0.000000,0.000000
17.740353,1,0,8.602500,1.397500,13.183182,13.183182,0.000000,0.000000
17.760418,1,0,8.623561,1.376439,13.418961,13.418961,0.000000,0.000000
17.780374,1,0,8.393568,1.606432,13.442856,13.442856,0.000000,0.000000
17.800352,1,0,8.368674,1.631326,13.370056,13.370056,0.000000,0.000000
17.820703,1,0,8.328795,1.671205,13.196480,13.196480,0.000000,0.000000
17.840507,1,0,8.309806,1.690194,13.610680,13.610680,0.000000,0.000000
17.860342,1,0,8.193482,1.806518,13.741989,13.741989,0.000000,0.000000
17.880393,1,0,8.160049,1.839951,13.729309,13.729309,0.000000,0.000000
17.900403,1,0,7.962272,2.037728,13.806091,13.806091,0.000000,0.000000
17.920449,1,0,7.994262,2.005738,13.796692,13.796692,0.000000,0.000000
17.940488,1,0,7.839605,2.160395,13.910400,13.910400,0.000000,0.000000
17.960493,1,0,7.849901,2.150099,13.892555,13.892555,0.000000,0.000000
17.980340,1,0,7.835359,2.164641,13.978851,13.978851,0.000000,0.000000
18.000461,1,0,7.789484,2.210516,14.063751,14.063751,0.000000,0.000000
18.022441,1,0,7.702406,2.297594,14.128296,14.128296,0.000000,0.000000
18.040360,1,0,7.669809,2.330191,14.167816,14.167816,0.000000,0.000000
18.061629,1,0,7.669809,2.330191,14.167816,14.167816,0.000000,0.000000
18.080513,1,0,7.561997,2.438003,14.172516,14.172516,0.000000,0.000000
18.100605,1,0,7.389415,2.610585,14.303635,14.303635,0.000000,0.000000
18.120457,1,0,7.182616,2.817384,14.277794,14.277794,0.000000,0.000000
18.140448,1,0,6.838852,3.161148,14.446541,14.446541,0.000000,0.000000
18.160463,1,0,6.778490,3.221510,14.499657,14.499657,0.000000,0.000000
18.180591,1,0,6.668903,3.331097,14.407005,14.407005,0.000000,0.000000
18.200587,1,0,6.505646,3.494354,14.512230,14.512230,0.000000,0.000000
18.220379,1,0,6.537709,3.462291,14.426231,14.426231,0.000000,0.000000
18.240918,1,0,6.783244,3.216756,14.309319,14.309319,0.000000,0.000000
18.260614,1,0,6.946701,3.053299,14.253929,14.253929,0.000000,0.000000
18.280533,1,0,7.209090,2.790910,14.157654,14.157654,0.000000,0.000000
18.300362,1,0,7.739642,2.260358,13.756287,13.756287,0.000000,0.000000
18.320464,1,0,8.016979,1.983021,13.760178,13.760178,0.000000,0.000000
18.340409,1,0,8.283377,1.716623,13.721916,13.721916,0.000000,0.000000
18.360504,1,0,8.340787,1.659213,13.599533,13.599533,0.000000,0.000000
18.380907,1,0,8.930174,1.069826,13.939796,13.939796,0.000000,0.000000
18.400408,1,0,8.759096,1.240904,14.033455,14.033455,0.000000,0.000000
18.420381,1,0,8.921404,1.078596,14.095482,14.095482,0.000000,0.000000
18.440370,1,0,8.561460,1.438540,14.066963,14.066963,0.000000,0.000000
18.460658,1,0,8.499480,1.500520,14.389938,14.389938,0.000000,0.000000
18.480475,1,0,8.230245,1.769755,14.524498,14.524498,0.000000,0.000000
18.500403,1,0,7.820230,2.179770,14.450409,14.450409,0.000000,0.000000
18.520394,1,0,7.577568,2.422432,14.584877,14.584877,0.000000,0.000000
18.540486,1,0,7.382622,2.617378,14.329483,14.329483,0.000000,0.000000
18.560430,1,0,7.025374,2.974626,14.682953,14.682953,0.000000,0.000000
18.580431,1,0,7.396209,2.603791,14.869987,14.869987,0.000000,0.000000
18.600774,1,0,7.568766,2.431234,14.909378,14.909378,0.000000,0.000000
18.620623,1,0,7.568766,2.431234,14.909378,14.909378,0.000000,0.000000
18.640916,1,0,7.785207,2.214793,14.921013,14.921013,0.000000,0.000000
18.661337,1,0,7.782657,2.217343,14.695839,14.695839,0.000000,0.000000
18.680406,1,0,7.636073,2.363927,14.697891,14.697891,0.000000,0.000000
18.701134,1,0,7.390556,2.609444,14.739655,14.739655,0.000000,0.000000
18.720439,1,0,7.390556,2.609444,14.739655,14.739655,0.000000,0.000000
18.741605,1,0,7.321180,2.678820,14.790848,14.790848,0.000000,0.000000
18.760418,1,0,7.342162,2.657838,14.697891,14.697891,0.000000,0.000000
18.780418,1,0,7.390556,2.609444,14.739655,14.739655,0.000000,0.000000
18.800411,1,0,7.571083,2.428917,14.999245,14.999245,0.000000,0.000000
18.820728,1,0,7.608613,2.391387,14.596848,14.596848,0.000000,0.000000
18.840561,1,0,7.608613,2.391387,14.596848,14.596848,0.000000,0.000000
18.860909,1,0,7.465954,2.534046,14.598961,14.598961,0.000000,0.000000
18.880338,1,0,7.431754,2.568246,14.676262,14.676262,0.000000,0.000000
18.900427,1,0,7.465954,2.534046,14.598961,14.598961,0.000000,0.000000
18.920425,1,0,7.474914,2.525086,14.602478,14.602478,0.000000,0.000000
18.940590,1,0,7.550609,2.449391,14.553391,14.553391,0.000000,0.000000
18.960537,1,0,7.522237,2.477763,14.643509,14.643509,0.000000,0.000000
18.980441,1,0,7.492170,2.507830,14.630775,14.630775,0.000000,0.000000
19.000567,1,0,7.522237,2.477763,14.643509,14.643509,0.000000,0.000000
19.020818,1,0,7.561997,2.438003,14.557449,14.557449,0.000000,0.000000
19.040747,1,0,7.492170,2.507830,14.630775,14.630775,0.000000,0.000000
19.060368,1,0,7.568766,2.431234,14.909378,14.909378,0.000000,0.000000
19.080505,1,0,7.462244,2.537756,14.618050,14.618050,0.000000,0.000000
19.100605,1,0,7.522237,2.477763,14.643509,14.643509,0.000000,0.000000
19.120497,1,0,7.522237,2.477763,14.643509,14.643509,0.000000,0.000000
19.140427,1,0,7.462244,2.537756,14.618050,14.618050,0.000000,0.000000
19.160475,1,0,7.522237,2.477763,14.643509,14.643509,0.000000,0.000000
19.180397,1,0,7.522237,2.477763,14.643509,14.643509,0.000000,0.000000
19.200445,1,0,7.522237,2.477763,14.643509,14.643509,0.000000,0.000000
19.220840,1,0,7.492170,2.507830,14.630775,14.630775,0.000000,0.000000
19.240300,1,0,7.492170,2.507830,14.630775,14.630775,0.000000,0.000000
19.260529,1,0,7.522237,2.477763,14.643509,14.643509,0.000000,0.000000
19.280592,1,0,7.522237,2.477763,14.643509,14.643509,0.000000,0.000000
19.300507,1,0,7.522237,2.477763,14.643509,14.643509,0.000000,0.000000
19.320796,1,0,7.522237,2.477763,14.643509,14.643509,0.000000,0.000000
19.340428,1,0,7.522237,2.477763,14.643509,14.643509,0.000000,0.000000
19.360425,1,0,7.522237,2.477763,14.643509,14.643509,0.000000,0.000000
19.380746,1,0,7.522237,2.477763,14.643509,14.643509,0.000000,0.000000
19.400751,1,0,7.522237,2.477763,14.643509,14.643509,0.000000,0.000000
19.420480,1,0,7.522237,2.477763,14.643509,14.643509,0.000000,0.000000
19.440584,1,0,7.522237,2.477763,14.643509,14.643509,0.000000,0.000000
19.460604,1,0,7.522237,2.477763,14.643509,14.643509,0.000000,0.000000
19.481276,1,0,7.522237,2.477763,14.643509,14.643509,0.000000,0.000000
19.500511,1,0,7.522237,2.477763,14.643509,14.643509,0.000000,0.000000
19.520563,1,0,7.522237,2.477763,14.643509,14.643509,0.000000,0.000000
19.540455,1,0,7.492170,2.507830,14.630775,14.630775,0.000000,0.000000
19.560474,1,0,7.522237,2.477763,14.643509,14.643509,0.000000,0.000000
19.580367,1,0,7.522237,2.477763,14.643509,14.643509,0.000000,0.000000
19.600443,1,0,7.522237,2.477763,14.643509,14.643509,0.000000,0.000000
19.620515,1,0,7.522237,2.477763,14.643509,14.643509,0.000000,0.000000
19.640408,1,0,7.522237,2.477763,14.643509,14.643509,0.000000,0.000000
19.661278,1,0,7.522237,2.477763,14.643509,14.643509,0.000000,0.000000
19.680375,1,0,7.522237,2.477763,14.643509,14.643509,0.000000,0.000000
19.700303,1,0,7.522237,2.477763,14.643509,14.643509,0.000000,0.000000
19.720321,1,0,7.522237,2.477763,14.643509,14.643509,0.000000,0.000000
19.740503,1,0,7.522237,2.477763,14.643509,14.643509,0.000000,0.000000
19.760345,1,0,7.522237,2.477763,14.643509,14.643509,0.000000,0.000000
19.780428,1,0,7.522237,2.477763,14.643509,14.643509,0.000000,0.000000
19.800319,1,0,7.522237,2.477763,14.643509,14.643509,0.000000,0.000000
19.820499,1,0,7.522237,2.477763,14.643509,14.643509,0.000000,0.000000
19.840388,1,0,7.522237,2.477763,14.643509,14.643509,0.000000,0.000000
19.860459,1,0,7.462244,2.537756,14.618050,14.618050,0.000000,0.000000
19.880441,1,0,7.522237,2.477763,14.643509,14.643509,0.000000,0.000000
19.900424,1,0,7.522237,2.477763,14.643509,14.643509,0.000000,0.000000
19.921018,1,0,7.522237,2.477763,14.643509,14.643509,0.000000,0.000000
19.940569,1,0,7.522237,2.477763,14.643509,14.643509,0.000000,0.000000
19.960459,1,0,7.522237,2.477763,14.643509,14.643509,0.000000,0.000000
19.981183,1,0,7.522237,2.477763,14.643509,14.643509,0.000000,0.000000
20.000394,1,0,7.522237,2.477763,14.643509,14.643509,0.000000,0.000000
20.020574,1,0,7.522237,2.477763,14.643509,14.643509,0.000000,0.000000
20.040471,1,0,7.522237,2.477763,14.643509,14.643509,0.000000,0.000000
20.060463,1,0,7.522237,2.477763,14.643509,14.643509,0.000000,0.000000
20.080469,1,0,7.522237,2.477763,14.643509,14.643509,0.000000,0.000000
20.100331,1,0,7.522237,2.477763,14.643509,14.643509,0.000000,0.000000
20.121038,1,0,7.522237,2.477763,14.643509,14.643509,0.000000,0.000000
20.140415,1,0,7.462244,2.537756,14.618050,14.618050,0.000000,0.000000
20.160551,1,0,7.522237,2.477763,14.643509,14.643509,0.000000,0.000000
20.180373,1,0,7.522237,2.477763,14.643509,14.643509,0.000000,0.000000
20.200326,1,0,7.522237,2.477763,14.643509,14.643509,0.000000,0.000000
20.220431,1,0,7.522237,2.477763,14.643509,14.643509,0.000000,0.000000
20.240377,1,0,7.522237,2.477763,14.643509,14.643509,0.000000,0.000000
20.260392,1,0,7.522237,2.477763,14.643509,14.643509,0.000000,0.000000
20.280409,1,0,7.522237,2.477763,14.643509,14.643509,0.000000,0.000000
20.300457,1,0,7.522237,2.477763,14.643509,14.643509,0.000000,0.000000
20.320388,1,0,7.522237,2.477763,14.643509,14.643509,0.000000,0.000000
20.340583,1,0,7.522237,2.477763,14.643509,14.643509,0.000000,0.000000
20.360424,1,0,7.522237,2.477763,14.643509,14.643509,0.000000,0.000000
20.380470,1,0,7.522237,2.477763,14.643509,14.643509,0.000000,0.000000
20.400406,1,0,7.522237,2.477763,14.643509,14.643509,0.000000,0.000000
20.420421,1,0,7.522237,2.477763,14.643509,14.643509,0.000000,0.000000
20.440379,1,0,7.492170,2.507830,14.630775,14.630775,0.000000,0.000000
20.460325,1,0,7.492170,2.507830,14.630775,14.630775,0.000000,0.000000
20.480455,1,0,7.522237,2.477763,14.643509,14.643509,0.000000,0.000000
20.500525,1,0,7.522237,2.477763,14.643509,14.643509,0.000000,0.000000
20.520432,1,0,7.522237,2.477763,14.643509,14.643509,0.000000,0.000000
20.540534,1,0,7.522237,2.477763,14.643509,14.643509,0.000000,0.000000
20.560418,1,0,7.522237,2.477763,14.643509,14.643509,0.000000,0.000000
20.580539,1,0,7.522237,2.477763,14.643509,14.643509,0.000000,0.000000
20.600293,1,0,7.522237,2.477763,14.643509,14.643509,0.000000,0.000000
20.620299,1,0,7.522237,2.477763,14.643509,14.643509,0.000000,0.000000
20.640325,1,0,7.522237,2.477763,14.643509,14.643509,0.000000,0.000000
20.660561,1,0,7.522237,2.477763,14.643509,14.643509,0.000000,0.000000
20.680391,1,0,7.522237,2.477763,14.643509,14.643509,0.000000,0.000000
20.700454,1,0,7.522237,2.477763,14.643509,14.643509,0.000000,0.000000
20.720449,1,0,7.522237,2.477763,14.643509,14.643509,0.000000,0.000000
20.740469,1,0,7.522237,2.477763,14.643509,14.643509,0.000000,0.000000
20.760410,1,0,7.522237,2.477763,14.643509,14.643509,0.000000,0.000000
20.780512,1,0,7.522237,2.477763,14.643509,14.643509,0.000000,0.000000
20.800547,1,0,7.522237,2.477763,14.643509,14.643509,0.000000,0.000000
20.820532,1,0,7.522237,2.477763,14.643509,14.643509,0.000000,0.000000
20.840429,1,0,7.522237,2.477763,14.643509,14.643509,0.000000,0.000000
20.860379,1,0,7.522237,2.477763,14.643509,14.643509,0.000000,0.000000
20.880515,1,0,7.522237,2.477763,14.643509,14.643509,0.000000,0.000000
20.900360,1,0,7.522237,2.477763,14.643509,14.643509,0.000000,0.000000
20.920434,1,0,7.522237,2.477763,14.643509,14.643509,0.000000,0.000000
20.940444,1,0,7.462244,2.537756,14.618050,14.618050,0.000000,0.000000
20.960549,1,0,7.522237,2.477763,14.643509,14.643509,0.000000,0.000000
20.980371,1,0,7.522237,2.477763,14.643509,14.643509,0.000000,0.000000
21.000451,1,0,7.522237,2.477763,14.643509,14.643509,0.000000,0.000000
21.020454,1,0,7.522237,2.477763,14.643509,14.643509,0.000000,0.000000
21.040393,1,0,7.522237,2.477763,14.643509,14.643509,0.000000,0.000000
21.060409,1,0,7.522237,2.477763,14.643509,14.643509,0.000000,0.000000
21.080438,1,0,7.522237,2.477763,14.643509,14.643509,0.000000,0.000000
21.100399,1,0,7.522237,2.477763,14.643509,14.643509,0.000000,0.000000
21.120471,1,0,7.522237,2.477763,14.643509,14.643509,0.000000,0.000000
21.140397,1,0,7.522237,2.477763,14.643509,14.643509,0.000000,0.000000
21.160428,1,0,7.522237,2.477763,14.643509,14.643509,0.000000,0.000000
21.180451,1,0,7.522237,2.477763,14.643509,14.643509,0.000000,0.000000
21.200438,1,0,7.522237,2.477763,14.643509,14.643509,0.000000,0.000000
21.220688,1,0,7.480298,2.519702,14.412384,14.412384,0.000000,0.000000
21.240566,1,0,7.545606,2.454394,14.166664,14.166664,0.000000,0.000000
21.260577,1,0,7.545606,2.454394,14.166664,14.166664,0.000000,0.000000
21.281140,1,0,7.613207,2.386793,12.402130,12.402130,0.000000,0.000000
21.301273,1,0,7.709893,2.290107,10.982544,10.982544,0.000000,0.000000
21.320472,1,0,7.803632,2.196368,9.024849,9.024849,0.000000,0.000000
21.340401,1,0,7.803632,2.196368,9.024849,9.024849,0.000000,0.000000
21.360397,1,0,7.841615,2.158385,8.116707,8.116707,0.000000,0.000000
21.380382,1,0,8.001719,1.998281,2.887848,2.887848,0.000000,0.000000
21.400446,1,0,7.964966,2.035034,-0.324486,-0.324486,0.000000,0.000000
21.420437,1,0,7.949892,2.050108,-3.644203,-3.644203,0.000000,0.000000
21.440521,1,0,7.896783,2.103217,-5.645889,-5.645889,0.000000,0.000000
21.460408,1,0,7.848695,2.151305,-9.648857,-9.648857,0.000000,0.000000
21.480859,1,0,7.723894,2.276106,-13.929909,-13.929909,0.000000,0.000000
21.500537,1,0,7.458083,2.541917,-18.060425,-18.060425,0.000000,0.000000
21.520465,1,0,7.458083,2.541917,-18.060425,-18.060425,0.000000,0.000000
21.540421,1,0,7.339255,2.660745,-23.657150,-23.657150,0.000000,0.000000
21.560430,1,0,7.372282,2.627718,-25.505791,-25.505791,0.000000,0.000000
21.580529,1,0,6.758677,3.241323,-27.055534,-27.055534,0.000000,0.000000
21.600452,0,0,0.000000,0.000000,0.000000,0.000000,0.000000,0.000000
21.620464,0,0,0.000000,0.000000,0.000000,0.000000,0.000000,0.000000
21.640346,0,0,0.000000,0.000000,0.000000,0.000000,0.000000,0.000000
21.660416,0,0,0.000000,0.000000,0.000000,0.000000,0.000000,0.000000
21.680417,0,0,0.000000,0.000000,0.000000,0.000000,0.000000,0.000000
21.700280,0,0,0.000000,0.000000,0.000000,0.000000,0.000000,0.000000
21.720448,0,0,0.000000,0.000000,0.000000,0.000000,0.000000,0.000000
21.740371,0,0,0.000000,0.000000,0.000000,0.000000,0.000000,0.000000
21.760308,0,0,0.000000,0.000000,0.000000,0.000000,0.000000,0.000000
21.780350,0,0,0.000000,0.000000,0.000000,0.000000,0.000000,0.000000
21.800462,0,0,0.000000,0.000000,0.000000,0.000000,0.000000,0.000000
21.820494,0,0,0.000000,0.000000,0.000000,0.000000,0.000000,0.000000
21.840419,0,0,0.000000,0.000000,0.000000,0.000000,0.000000,0.000000
21.860514,0,0,0.000000,0.000000,0.000000,0.000000,0.000000,0.000000
21.880395,0,0,0.000000,0.000000,0.000000,0.000000,0.000000,0.000000
21.901305,0,0,0.000000,0.000000,0.000000,0.000000,0.000000,0.000000
21.920347,0,0,0.000000,0.000000,0.000000,0.000000,0.000000,0.000000
21.940335,0,0,0.000000,0.000000,0.000000,0.000000,0.000000,0.000000
21.960865,0,0,0.000000,0.000000,0.000000,0.000000,0.000000,0.000000
21.980507,0,0,0.000000,0.000000,0.000000,0.000000,0.000000,0.000000
22.000486,0,0,0.000000,0.000000,0.000000,0.000000,0.000000,0.000000
22.020430,0,0,0.000000,0.000000,0.000000,0.000000,0.000000,0.000000
22.041519,0,0,0.000000,0.000000,0.000000,0.000000,0.000000,0.000000
22.060406,0,0,0.000000,0.000000,0.000000,0.000000,0.000000,0.000000
22.080342,0,0,0.000000,0.000000,0.000000,0.000000,0.000000,0.000000
22.100403,0,0,0.000000,0.000000,0.000000,0.000000,0.000000,0.000000
22.120433,0,0,0.000000,0.000000,0.000000,0.000000,0.000000,0.000000
22.140363,0,0,0.000000,0.000000,0.000000,0.000000,0.000000,0.000000
22.160750,0,0,0.000000,0.000000,0.000000,0.000000,0.000000,0.000000
22.180413,0,0,0.000000,0.000000,0.000000,0.000000,0.000000,0.000000
22.200393,0,0,0.000000,0.000000,0.000000,0.000000,0.000000,0.000000
22.220616,0,0,0.000000,0.000000,0.000000,0.000000,0.000000,0.000000
22.240405,0,0,0.000000,0.000000,0.000000,0.000000,0.000000,0.000000
22.260896,0,0,0.000000,0.000000,0.000000,0.000000,0.000000,0.000000
22.281263,0,0,0.000000,0.000000,0.000000,0.000000,0.000000,0.000000
22.300411,0,0,0.000000,0.000000,0.000000,0.000000,0.000000,0.000000
22.320486,0,0,0.000000,0.000000,0.000000,0.000000,0.000000,0.000000
22.340452,0,0,0.000000,0.000000,0.000000,0.000000,0.000000,0.000000
22.360266,0,0,0.000000,0.000000,0.000000,0.000000,0.000000,0.000000
22.380726,0,0,0.000000,0.000000,0.000000,0.000000,0.000000,0.000000
22.400567,0,0,0.000000,0.000000,0.000000,0.000000,0.000000,0.000000
22.420311,0,0,0.000000,0.000000,0.000000,0.000000,0.000000,0.000000
22.440416,0,0,0.000000,0.000000,0.000000,0.000000,0.000000,0.000000
22.460555,0,0,0.000000,0.000000,0.000000,0.000000,0.000000,0.000000
22.481942,0,0,0.000000,0.000000,0.000000,0.000000,0.000000,0.000000
22.500391,0,0,0.000000,0.000000,0.000000,0.000000,0.000000,0.000000
22.520510,0,0,0.000000,0.000000,0.000000,0.000000,0.000000,0.000000
22.540366,0,0,0.000000,0.000000,0.000000,0.000000,0.000000,0.000000
22.560579,0,0,0.000000,0.000000,0.000000,0.000000,0.000000,0.000000
22.580413,0,0,0.000000,0.000000,0.000000,0.000000,0.000000,0.000000
22.600298,0,0,0.000000,0.000000,0.000000,0.000000,0.000000,0.000000
22.620364,0,0,0.000000,0.000000,0.000000,0.000000,0.000000,0.000000
22.640378,0,0,0.000000,0.000000,0.000000,0.000000,0.000000,0.000000
22.660275,0,0,0.000000,0.000000,0.000000,0.000000,0.000000,0.000000
22.680523,0,0,0.000000,0.000000,0.000000,0.000000,0.000000,0.000000
22.700287,0,0,0.000000,0.000000,0.000000,0.000000,0.000000,0.000000
22.720451,0,0,0.000000,0.000000,0.000000,0.000000,0.000000,0.000000
22.740384,0,0,0.000000,0.000000,0.000000,0.000000,0.000000,0.000000
22.760518,0,0,0.000000,0.000000,0.000000,0.000000,0.000000,0.000000
22.780617,0,0,0.000000,0.000000,0.000000,0.000000,0.000000,0.000000
22.800262,0,0,0.000000,0.000000,0.000000,0.000000,0.000000,0.000000
22.820441,0,0,0.000000,0.000000,0.000000,0.000000,0.000000,0.000000
22.840416,0,0,0.000000,0.000000,0.000000,0.000000,0.000000,0.000000
22.861246,0,0,0.000000,0.000000,0.000000,0.000000,0.000000,0.000000
22.880394,0,0,0.000000,0.000000,0.000000,0.000000,0.000000,0.000000
22.900425,0,0,0.000000,0.000000,0.000000,0.000000,0.000000,0.000000
22.920363,0,0,0.000000,0.000000,0.000000,0.000000,0.000000,0.000000
22.940285,0,0,0.000000,0.000000,0.000000,0.000000,0.000000,0.000000
22.960551,0,0,0.000000,0.000000,0.000000,0.000000,0.000000,0.000000
22.980448,0,0,0.000000,0.000000,0.000000,0.000000,0.000000,0.000000
23.000584,0,0,0.000000,0.000000,0.000000,0.000000,0.000000,0.000000
23.020503,0,0,0.000000,0.000000,0.000000,0.000000,0.000000,0.000000
23.040261,0,0,0.000000,0.000000,0.000000,0.000000,0.000000,0.000000
23.061259,0,0,0.000000,0.000000,0.000000,0.000000,0.000000,0.000000
23.080622,0,0,0.000000,0.000000,0.000000,0.000000,0.000000,0.000000
23.100277,0,0,0.000000,0.000000,0.000000,0.000000,0.000000,0.000000
23.121444,0,0,0.000000,0.000000,0.000000,0.000000,0.000000,0.000000
23.140476,0,0,0.000000,0.000000,0.000000,0.000000,0.000000,0.000000
23.160431,0,0,0.000000,0.000000,0.000000,0.000000,0.000000,0.000000
23.180949,0,0,0.000000,0.000000,0.000000,0.000000,0.000000,0.000000
23.200292,0,0,0.000000,0.000000,0.000000,0.000000,0.000000,0.000000
23.220411,0,0,0.000000,0.000000,0.000000,0.000000,0.000000,0.000000
23.240289,0,0,0.000000,0.000000,0.000000,0.000000,0.000000,0.000000
23.260508,0,0,0.000000,0.000000,0.000000,0.000000,0.000000,0.000000
23.280640,0,0,0.000000,0.000000,0.000000,0.000000,0.000000,0.000000
23.300471,0,0,0.000000,0.000000,0.000000,0.000000,0.000000,0.000000
23.320284,0,0,0.000000,0.000000,0.000000,0.000000,0.000000,0.000000
23.340720,0,0,0.000000,0.000000,0.000000,0.000000,0.000000,0.000000
23.360430,0,0,0.000000,0.000000,0.000000,0.000000,0.000000,0.000000
23.380453,0,0,0.000000,0.000000,0.000000,0.000000,0.000000,0.000000
23.400595,0,0,0.000000,0.000000,0.000000,0.000000,0.000000,0.000000
23.420420,0,0,0.000000,0.000000,0.000000,0.000000,0.000000,0.000000
23.440676,0,0,0.000000,0.000000,0.000000,0.000000,0.000000,0.000000
23.460501,0,0,0.000000,0.000000,0.000000,0.000000,0.000000,0.000000
23.480508,0,0,0.000000,0.000000,0.000000,0.000000,0.000000,0.000000
23.500580,0,0,0.000000,0.000000,0.000000,0.000000,0.000000,0.000000
23.520404,0,0,0.000000,0.000000,0.000000,0.000000,0.000000,0.000000
23.540392,0,0,0.000000,0.000000,0.000000,0.000000,0.000000,0.000000
23.560681,0,0,0.000000,0.000000,0.000000,0.000000,0.000000,0.000000
23.580475,0,0,0.000000,0.000000,0.000000,0.000000,0.000000,0.000000
23.600411,0,0,0.000000,0.000000,0.000000,0.000000,0.000000,0.000000
23.620500,0,0,0.000000,0.000000,0.000000,0.000000,0.000000,0.000000
23.640502,0,0,0.000000,0.000000,0.000000,0.000000,0.000000,0.000000
23.660518,0,0,0.000000,0.000000,0.000000,0.000000,0.000000,0.000000
23.680842,0,0,0.000000,0.000000,0.000000,0.000000,0.000000,0.000000
23.700454,0,0,0.000000,0.000000,0.000000,0.000000,0.000000,0.000000
23.720421,0,0,0.000000,0.000000,0.000000,0.000000,0.000000,0.000000
23.741321,0,0,0.000000,0.000000,0.000000,0.000000,0.000000,0.000000
23.760417,0,0,0.000000,0.000000,0.000000,0.000000,0.000000,0.000000
23.780651,0,0,0.000000,0.000000,0.000000,0.000000,0.000000,0.000000
23.800370,0,0,0.000000,0.000000,0.000000,0.000000,0.000000,0.000000
23.820385,0,0,0.000000,0.000000,0.000000,0.000000,0.000000,0.000000
23.840424,0,0,0.000000,0.000000,0.000000,0.000000,0.000000,0.000000
23.860388,0,0,0.000000,0.000000,0.000000,0.000000,0.000000,0.000000
23.880393,0,0,0.000000,0.000000,0.000000,0.000000,0.000000,0.000000
23.900339,0,0,0.000000,0.000000,0.000000,0.000000,0.000000,0.000000
23.920412,0,0,0.000000,0.000000,0.000000,0.000000,0.000000,0.000000
23.940317,0,0,0.000000,0.000000,0.000000,0.000000,0.000000,0.000000
23.960860,0,0,0.000000,0.000000,0.000000,0.000000,0.000000,0.000000
23.980274,0,0,0.000000,0.000000,0.000000,0.000000,0.000000,0.000000
24.000416,0,0,0.000000,0.000000,0.000000,0.000000,0.000000,0.000000
24.020468,0,0,0.000000,0.000000,0.000000,0.000000,0.000000,0.000000
24.040613,0,0,0.000000,0.000000,0.000000,0.000000,0.000000,0.000000
24.060319,0,0,0.000000,0.000000,0.000000,0.000000,0.000000,0.000000
24.080527,0,0,0.000000,0.000000,0.000000,0.000000,0.000000,0.000000
24.100515,0,0,0.000000,0.000000,0.000000,0.000000,0.000000,0.000000
24.120368,0,0,0.000000,0.000000,0.000000,0.000000,0.000000,0.000000
24.140350,0,0,0.000000,0.000000,0.000000,0.000000,0.000000,0.000000
24.160302,0,0,0.000000,0.000000,0.000000,0.000000,0.000000,0.000000
24.180304,0,0,0.000000,0.000000,0.000000,0.000000,0.000000,0.000000
24.200274,0,0,0.000000,0.000000,0.000000,0.000000,0.000000,0.000000
24.220432,0,0,0.000000,0.000000,0.000000,0.000000,0.000000,0.000000
24.240288,0,0,0.000000,0.000000,0.000000,0.000000,0.000000,0.000000
24.261050,0,0,0.000000,0.000000,0.000000,0.000000,0.000000,0.000000
24.280518,0,0,0.000000,0.000000,0.000000,0.000000,0.000000,0.000000
24.300344,0,0,0.000000,0.000000,0.000000,0.000000,0.000000,0.000000
24.321312,0,0,0.000000,0.000000,0.000000,0.000000,0.000000,0.000000
24.341415,0,0,0.000000,0.000000,0.000000,0.000000,0.000000,0.000000
24.360377,0,0,0.000000,0.000000,0.000000,0.000000,0.000000,0.000000
24.380303,0,0,0.000000,0.000000,0.000000,0.000000,0.000000,0.000000
24.400406,0,0,0.000000,0.000000,0.000000,0.000000,0.000000,0.000000
24.420471,0,0,0.000000,0.000000,0.000000,0.000000,0.000000,0.000000
24.440586,0,0,0.000000,0.000000,0.000000,0.000000,0.000000,0.000000
24.460454,0,0,0.000000,0.000000,0.000000,0.000000,0.000000,0.000000
24.480274,0,0,0.000000,0.000000,0.000000,0.000000,0.000000,0.000000
24.500406,0,0,0.000000,0.000000,0.000000,0.000000,0.000000,0.000000
24.520471,0,0,0.000000,0.000000,0.000000,0.000000,0.000000,0.000000
24.540376,0,0,0.000000,0.000000,0.000000,0.000000,0.000000,0.000000
24.560749,0,0,0.000000,0.000000,0.000000,0.000000,0.000000,0.000000
24.580617,0,0,0.000000,0.000000,0.000000,0.000000,0.000000,0.000000
24.601304,0,0,0.000000,0.000000,0.000000,0.000000,0.000000,0.000000
24.620489,0,0,0.000000,0.000000,0.000000,0.000000,0.000000,0.000000
24.640367,0,0,0.000000,0.000000,0.000000,0.000000,0.000000,0.000000
24.660615,0,0,0.000000,0.000000,0.000000,0.000000,0.000000,0.000000
24.680347,0,0,0.000000,0.000000,0.000000,0.000000,0.000000,0.000000
24.700396,0,0,0.000000,0.000000,0.000000,0.000000,0.000000,0.000000
24.720441,0,0,0.000000,0.000000,0.000000,0.000000,0.000000,0.000000
24.740376,0,0,0.000000,0.000000,0.000000,0.000000,0.000000,0.000000
24.760322,0,0,0.000000,0.000000,0.000000,0.000000,0.000000,0.000000
24.780451,0,0,0.000000,0.000000,0.000000,0.000000,0.000000,0.000000
24.800418,0,0,0.000000,0.000000,0.000000,0.000000,0.000000,0.000000
24.820382,0,0,0.000000,0.000000,0.000000,0.000000,0.000000,0.000000
24.840421,0,0,0.000000,0.000000,0.000000,0.000000,0.000000,0.000000
24.860655,0,0,0.000000,0.000000,0.000000,0.000000,0.000000,0.000000
24.880290,0,0,0.000000,0.000000,0.000000,0.000000,0.000000,0.000000
24.900414,0,0,0.000000,0.000000,0.000000,0.000000,0.000000,0.000000
24.920543,0,0,0.000000,0.000000,0.000000,0.000000,0.000000,0.000000
24.940411,0,0,0.000000,0.000000,0.000000,0.000000,0.000000,0.000000
24.960827,0,0,0.000000,0.000000,0.000000,0.000000,0.000000,0.000000
24.980377,0,0,0.000000,0.000000,0.000000,0.000000,0.000000,0.000000
25.000482,0,0,0.000000,0.000000,0.000000,0.000000,0.000000,0.000000
25.020465,0,0,0.000000,0.000000,0.000000,0.000000,0.000000,0.000000
25.040354,0,0,0.000000,0.000000,0.000000,0.000000,0.000000,0.000000
25.060507,0,0,0.000000,0.000000,0.000000,0.000000,0.000000,0.000000
25.080653,0,0,0.000000,0.000000,0.000000,0.000000,0.000000,0.000000
25.100315,0,0,0.000000,0.000000,0.000000,0.000000,0.000000,0.000000
25.120442,0,0,0.000000,0.000000,0.000000,0.000000,0.000000,0.000000
25.140503,0,0,0.000000,0.000000,0.000000,0.000000,0.000000,0.000000
25.160616,0,0,0.000000,0.000000,0.000000,0.000000,0.000000,0.000000
25.180336,0,0,0.000000,0.000000,0.000000,0.000000,0.000000,0.000000
25.200629,0,0,0.000000,0.000000,0.000000,0.000000,0.000000,0.000000
25.220362,0,0,0.000000,0.000000,0.000000,0.000000,0.000000,0.000000
25.240529,0,0,0.000000,0.000000,0.000000,0.000000,0.000000,0.000000
25.260547,0,0,0.000000,0.000000,0.000000,0.000000,0.000000,0.000000
25.280398,0,0,0.000000,0.000000,0.000000,0.000000,0.000000,0.000000
25.300494,0,0,0.000000,0.000000,0.000000,0.000000,0.000000,0.000000
25.320339,0,0,0.000000,0.000000,0.000000,0.000000,0.000000,0.000000
25.340383,0,0,0.000000,0.000000,0.000000,0.000000,0.000000,0.000000
25.360375,0,0,0.000000,0.000000,0.000000,0.000000,0.000000,0.000000
25.380443,0,0,0.000000,0.000000,0.000000,0.000000,0.000000,0.000000
25.400399,0,0,0.000000,0.000000,0.000000,0.000000,0.000000,0.000000
25.421277,0,0,0.000000,0.000000,0.000000,0.000000,0.000000,0.000000
25.440352,0,0,0.000000,0.000000,0.000000,0.000000,0.000000,0.000000
25.460382,0,0,0.000000,0.000000,0.000000,0.000000,0.000000,0.000000
25.480440,0,0,0.000000,0.000000,0.000000,0.000000,0.000000,0.000000
25.500386,0,0,0.000000,0.000000,0.000000,0.000000,0.000000,0.000000
25.520433,0,0,0.000000,0.000000,0.000000,0.000000,0.000000,0.000000
25.540767,0,0,0.000000,0.000000,0.000000,0.000000,0.000000,0.000000
25.560348,0,0,0.000000,0.000000,0.000000,0.000000,0.000000,0.000000
25.580458,0,0,0.000000,0.000000,0.000000,0.000000,0.000000,0.000000
25.600345,0,0,0.000000,0.000000,0.000000,0.000000,0.000000,0.000000
25.620547,0,0,0.000000,0.000000,0.000000,0.000000,0.000000,0.000000
25.640567,0,0,0.000000,0.000000,0.000000,0.000000,0.000000,0.000000
25.660395,0,0,0.000000,0.000000,0.000000,0.000000,0.000000,0.000000
